team,H_Games,H_FTWins,H_FTDraws,H_FTLost,H_HTWins,H_HTDraws,H_HTLost,H_FTGF,H_FTGA,H_FTGD,H_HTGF,H_HTGA,H_HTGD,H_SF,H_SA,H_SoTF,H_SoTA,H_CF,H_CA,H_FF,H_FA,H_YCF,H_YCA,H_RCF,H_RCA,A_Games,A_FTWins,A_FTDraws,A_FTLost,A_HTWins,A_HTDraws,A_HTLost,A_FTGF,A_FTGA,A_FTGD,A_HTGF,A_HTGA,A_HTGD,A_SF,A_SA,A_SoTF,A_SoTA,A_CF,A_CA,A_FF,A_FA,A_YCF,A_YCA,A_RCF,A_RCA
Blackburn,326.0,134.0,95.0,97.0,103.0,150.0,73.0,445.0,366.0,79.0,206.0,166.0,40.0,4292.0,3633.0,1869.0,1637.0,1850.0,1576.0,4012.0,3900.0,501.0,551.0,24.0,24.0,326.0,81.0,94.0,151.0,82.0,128.0,116.0,369.0,536.0,-167.0,161.0,208.0,-47.0,3392.0,4511.0,1495.0,2085.0,1585.0,2033.0,4111.0,3819.0,650.0,485.0,38.0,25.0
Sunderland,312.0,106.0,84.0,122.0,89.0,137.0,86.0,367.0,387.0,-20.0,174.0,175.0,-1.0,3824.0,3621.0,1783.0,1698.0,1759.0,1533.0,3675.0,3802.0,495.0,557.0,20.0,27.0,309.0,69.0,76.0,164.0,60.0,138.0,111.0,315.0,505.0,-190.0,130.0,212.0,-82.0,3030.0,4547.0,1431.0,2126.0,1401.0,2007.0,3769.0,3470.0,604.0,427.0,43.0,19.0
Charlton,232.0,83.0,64.0,85.0,65.0,99.0,68.0,303.0,313.0,-10.0,135.0,137.0,-2.0,2789.0,2918.0,1329.0,1337.0,1187.0,1329.0,2684.0,2756.0,298.0,360.0,15.0,17.0,234.0,58.0,68.0,108.0,55.0,91.0,88.0,233.0,356.0,-123.0,97.0,147.0,-50.0,2061.0,3452.0,917.0,1505.0,963.0,1657.0,2850.0,2516.0,356.0,297.0,21.0,16.0
Chelsea,320.0,218.0,73.0,29.0,164.0,132.0,24.0,683.0,242.0,441.0,322.0,107.0,215.0,5301.0,2666.0,2516.0,1166.0,2191.0,1225.0,3402.0,3918.0,414.0,598.0,21.0,29.0,320.0,177.0,65.0,78.0,127.0,124.0,69.0,516.0,311.0,205.0,223.0,144.0,79.0,4434.0,3422.0,2059.0,1554.0,1836.0,1519.0,3509.0,3816.0,582.0,566.0,31.0,22.0
Everton,323.0,170.0,78.0,75.0,114.0,147.0,62.0,524.0,337.0,187.0,227.0,144.0,83.0,4417.0,3520.0,2062.0,1580.0,2069.0,1560.0,3736.0,4244.0,447.0,620.0,21.0,25.0,318.0,87.0,104.0,127.0,69.0,155.0,94.0,346.0,421.0,-75.0,151.0,181.0,-30.0,3375.0,4254.0,1603.0,1925.0,1569.0,1899.0,3905.0,3830.0,511.0,449.0,34.0,23.0
Tottenham,321.0,190.0,68.0,63.0,129.0,127.0,65.0,585.0,326.0,259.0,251.0,135.0,116.0,5207.0,3222.0,2526.0,1526.0,2197.0,1459.0,3415.0,3793.0,423.0,623.0,12.0,31.0,320.0,119.0,80.0,121.0,81.0,151.0,88.0,441.0,441.0,0.0,183.0,186.0,-3.0,3863.0,3987.0,1855.0,1896.0,1707.0,1819.0,3629.0,3699.0,542.0,510.0,31.0,20.0
Fulham,336.0,149.0,80.0,107.0,120.0,122.0,94.0,502.0,435.0,67.0,215.0,189.0,26.0,4431.0,3895.0,1985.0,1742.0,1929.0,1804.0,3684.0,3947.0,458.0,535.0,28.0,28.0,338.0,68.0,102.0,168.0,64.0,146.0,128.0,352.0,555.0,-203.0,150.0,247.0,-97.0,3414.0,4896.0,1509.0,2266.0,1436.0,2208.0,3796.0,3913.0,563.0,426.0,25.0,18.0
Bolton,320.0,120.0,97.0,103.0,99.0,135.0,86.0,410.0,382.0,28.0,191.0,167.0,24.0,4296.0,3697.0,2040.0,1722.0,1873.0,1819.0,3938.0,3785.0,482.0,514.0,15.0,18.0,322.0,67.0,72.0,183.0,54.0,140.0,128.0,316.0,574.0,-258.0,141.0,245.0,-104.0,3218.0,4742.0,1431.0,2169.0,1502.0,2169.0,4147.0,3712.0,627.0,362.0,34.0,14.0
Leeds,305.0,134.0,76.0,95.0,88.0,143.0,74.0,414.0,359.0,55.0,163.0,151.0,12.0,3936.0,3354.0,1605.0,1411.0,1773.0,1522.0,3737.0,3779.0,521.0,535.0,26.0,34.0,314.0,97.0,74.0,143.0,68.0,145.0,101.0,373.0,458.0,-85.0,147.0,190.0,-43.0,3267.0,4151.0,1337.0,1715.0,1476.0,1923.0,3880.0,3687.0,597.0,482.0,37.0,31.0
Man City,320.0,205.0,54.0,61.0,162.0,112.0,46.0,668.0,279.0,389.0,299.0,112.0,187.0,5032.0,2698.0,2370.0,1256.0,2322.0,1354.0,3465.0,3389.0,407.0,556.0,23.0,28.0,321.0,135.0,72.0,114.0,105.0,139.0,77.0,494.0,400.0,94.0,230.0,179.0,51.0,4185.0,3457.0,1934.0,1695.0,1805.0,1591.0,3678.0,3413.0,604.0,471.0,31.0,25.0
Man United,322.0,233.0,54.0,35.0,180.0,107.0,35.0,674.0,229.0,445.0,311.0,90.0,221.0,5293.0,2923.0,2646.0,1322.0,2253.0,1156.0,3517.0,3821.0,420.0,590.0,10.0,30.0,319.0,165.0,77.0,77.0,121.0,129.0,69.0,510.0,335.0,175.0,228.0,150.0,78.0,4038.0,3759.0,1989.0,1663.0,1811.0,1543.0,3645.0,3813.0,581.0,553.0,32.0,19.0
West Brom,343.0,143.0,89.0,111.0,97.0,157.0,89.0,526.0,442.0,84.0,213.0,202.0,11.0,4492.0,3734.0,2065.0,1628.0,2052.0,1630.0,3814.0,3900.0,487.0,525.0,22.0,35.0,345.0,93.0,99.0,153.0,65.0,154.0,126.0,373.0,512.0,-139.0,147.0,250.0,-103.0,3707.0,4765.0,1706.0,2147.0,1670.0,2052.0,4073.0,3871.0,607.0,453.0,34.0,27.0
Southampton,305.0,121.0,99.0,85.0,99.0,142.0,64.0,429.0,342.0,87.0,201.0,151.0,50.0,4266.0,3108.0,1865.0,1362.0,1855.0,1514.0,3496.0,3615.0,385.0,511.0,22.0,22.0,301.0,78.0,87.0,136.0,69.0,120.0,112.0,337.0,450.0,-113.0,152.0,221.0,-69.0,3344.0,3716.0,1498.0,1690.0,1571.0,1822.0,3498.0,3205.0,467.0,340.0,21.0,15.0
Middlesboro,17.0,10.0,6.0,1.0,7.0,8.0,2.0,35.0,18.0,17.0,14.0,6.0,8.0,221.0,191.0,102.0,99.0,107.0,94.0,211.0,205.0,21.0,35.0,1.0,3.0,14.0,2.0,1.0,11.0,2.0,5.0,7.0,8.0,17.0,-9.0,4.0,10.0,-6.0,126.0,204.0,63.0,104.0,75.0,84.0,164.0,183.0,21.0,19.0,4.0,0.0
Arsenal,320.0,219.0,68.0,33.0,144.0,128.0,48.0,694.0,268.0,426.0,297.0,134.0,163.0,5067.0,2651.0,2584.0,1205.0,2380.0,1251.0,3385.0,3979.0,446.0,652.0,17.0,44.0,320.0,144.0,82.0,94.0,110.0,128.0,82.0,528.0,401.0,127.0,238.0,181.0,57.0,4025.0,3605.0,1974.0,1609.0,1685.0,1636.0,3459.0,3873.0,539.0,586.0,34.0,27.0
Birmingham,361.0,144.0,114.0,103.0,118.0,157.0,86.0,451.0,394.0,57.0,196.0,154.0,42.0,4285.0,3907.0,1795.0,1679.0,2050.0,1785.0,4201.0,4615.0,488.0,571.0,36.0,27.0,363.0,95.0,101.0,167.0,85.0,151.0,127.0,386.0,540.0,-154.0,181.0,243.0,-62.0,3570.0,4978.0,1527.0,2234.0,1610.0,2182.0,4442.0,4300.0,667.0,488.0,34.0,31.0
Aston Villa,332.0,132.0,104.0,96.0,111.0,143.0,78.0,449.0,373.0,76.0,209.0,171.0,38.0,4158.0,3651.0,1830.0,1674.0,2036.0,1816.0,3920.0,3982.0,478.0,618.0,21.0,34.0,333.0,90.0,94.0,149.0,78.0,146.0,109.0,374.0,518.0,-144.0,169.0,225.0,-56.0,3432.0,4689.0,1564.0,2132.0,1689.0,2188.0,4207.0,3868.0,631.0,476.0,24.0,22.0
Liverpool,319.0,200.0,82.0,37.0,153.0,129.0,37.0,644.0,245.0,399.0,290.0,94.0,196.0,5589.0,2436.0,2566.0,1043.0,2348.0,1148.0,3212.0,3691.0,324.0,575.0,11.0,35.0,322.0,143.0,77.0,102.0,103.0,130.0,89.0,488.0,384.0,104.0,203.0,179.0,24.0,4272.0,3243.0,2028.0,1511.0,1824.0,1466.0,3631.0,3672.0,539.0,502.0,25.0,32.0
Newcastle,327.0,161.0,76.0,90.0,112.0,145.0,70.0,514.0,370.0,144.0,227.0,160.0,67.0,4541.0,3442.0,2142.0,1554.0,2021.0,1498.0,3751.0,4065.0,468.0,670.0,24.0,30.0,329.0,86.0,83.0,160.0,86.0,130.0,113.0,344.0,514.0,-170.0,167.0,214.0,-47.0,3299.0,4503.0,1522.0,2079.0,1452.0,1987.0,3840.0,3738.0,583.0,449.0,39.0,10.0
West Ham,331.0,141.0,84.0,106.0,112.0,139.0,80.0,485.0,424.0,61.0,219.0,181.0,38.0,4223.0,3811.0,1956.0,1780.0,2027.0,1679.0,3734.0,3865.0,490.0,525.0,19.0,32.0,331.0,88.0,94.0,149.0,81.0,128.0,122.0,368.0,509.0,-141.0,170.0,231.0,-61.0,3408.0,4892.0,1534.0,2216.0,1577.0,2184.0,3841.0,3747.0,613.0,473.0,35.0,23.0
Wolves,346.0,149.0,102.0,95.0,112.0,145.0,89.0,498.0,418.0,80.0,218.0,193.0,25.0,4253.0,3561.0,1920.0,1689.0,2078.0,1636.0,3948.0,3969.0,434.0,599.0,14.0,32.0,339.0,108.0,92.0,139.0,80.0,131.0,128.0,396.0,473.0,-77.0,165.0,233.0,-68.0,3449.0,4280.0,1533.0,1968.0,1730.0,1950.0,4210.0,3646.0,592.0,477.0,30.0,30.0
Middlesbrough,345.0,154.0,97.0,94.0,124.0,143.0,78.0,460.0,344.0,116.0,212.0,153.0,59.0,4641.0,3558.0,1998.0,1482.0,2090.0,1661.0,3893.0,4054.0,496.0,621.0,17.0,28.0,341.0,96.0,88.0,157.0,78.0,152.0,111.0,375.0,476.0,-101.0,163.0,204.0,-41.0,3632.0,4649.0,1588.0,2039.0,1552.0,2101.0,4163.0,3890.0,607.0,492.0,34.0,21.0
Leicester,339.0,158.0,95.0,86.0,118.0,141.0,80.0,520.0,351.0,169.0,242.0,168.0,74.0,4543.0,3282.0,2030.0,1405.0,2121.0,1629.0,3848.0,3935.0,433.0,536.0,26.0,30.0,338.0,106.0,94.0,138.0,83.0,141.0,114.0,423.0,482.0,-59.0,175.0,228.0,-53.0,3631.0,4139.0,1661.0,1844.0,1729.0,1952.0,4111.0,3795.0,561.0,462.0,44.0,24.0
Portsmouth,195.0,84.0,50.0,61.0,51.0,93.0,51.0,281.0,225.0,56.0,109.0,104.0,5.0,2543.0,1951.0,1343.0,1018.0,1216.0,1091.0,2456.0,2262.0,297.0,337.0,16.0,22.0,197.0,46.0,47.0,104.0,37.0,82.0,78.0,191.0,306.0,-115.0,81.0,147.0,-66.0,1847.0,2567.0,928.0,1378.0,849.0,1323.0,2516.0,2199.0,339.0,195.0,15.0,10.0
Norwich,350.0,169.0,84.0,97.0,120.0,143.0,87.0,567.0,411.0,156.0,220.0,175.0,45.0,4938.0,4018.0,2152.0,1870.0,2162.0,1751.0,4124.0,4277.0,482.0,620.0,17.0,55.0,351.0,94.0,93.0,164.0,63.0,136.0,152.0,394.0,578.0,-184.0,157.0,285.0,-128.0,3697.0,4829.0,1610.0,2202.0,1664.0,2184.0,4334.0,3965.0,585.0,493.0,31.0,18.0
Crystal Palace,364.0,145.0,100.0,119.0,112.0,154.0,98.0,470.0,394.0,76.0,204.0,171.0,33.0,4130.0,3533.0,1816.0,1587.0,2155.0,1875.0,4139.0,4290.0,500.0,650.0,24.0,49.0,365.0,103.0,98.0,164.0,79.0,178.0,108.0,417.0,539.0,-122.0,177.0,223.0,-46.0,3496.0,4857.0,1582.0,2147.0,1786.0,2396.0,4520.0,4124.0,655.0,540.0,24.0,22.0
Wigan,290.0,105.0,89.0,96.0,89.0,124.0,77.0,342.0,344.0,-2.0,158.0,147.0,11.0,3899.0,2813.0,1733.0,1295.0,1708.0,1331.0,3438.0,3568.0,418.0,551.0,16.0,22.0,291.0,74.0,63.0,154.0,66.0,133.0,92.0,299.0,461.0,-162.0,145.0,178.0,-33.0,3232.0,3837.0,1433.0,1762.0,1334.0,1791.0,3738.0,3530.0,564.0,429.0,35.0,12.0
Watford,372.0,151.0,106.0,115.0,126.0,164.0,82.0,547.0,464.0,83.0,243.0,190.0,53.0,4428.0,3695.0,1978.0,1719.0,2180.0,1778.0,4460.0,4363.0,543.0,608.0,28.0,34.0,366.0,108.0,90.0,168.0,104.0,127.0,135.0,459.0,594.0,-135.0,215.0,261.0,-46.0,3700.0,4731.0,1753.0,2175.0,1851.0,2319.0,4400.0,4019.0,594.0,487.0,41.0,24.0
Reading,379.0,179.0,96.0,104.0,132.0,163.0,84.0,558.0,394.0,164.0,252.0,177.0,75.0,4388.0,4074.0,1854.0,1733.0,2470.0,1690.0,4090.0,4621.0,469.0,698.0,18.0,51.0,379.0,122.0,93.0,164.0,93.0,160.0,126.0,462.0,555.0,-93.0,181.0,235.0,-54.0,3846.0,5268.0,1727.0,2495.0,2130.0,2211.0,4400.0,4442.0,600.0,554.0,36.0,21.0
Sheffield United,248.0,122.0,67.0,59.0,78.0,109.0,61.0,370.0,249.0,121.0,144.0,111.0,33.0,3212.0,2409.0,1557.0,1183.0,1784.0,1120.0,2899.0,3132.0,340.0,474.0,19.0,31.0,246.0,85.0,63.0,98.0,66.0,107.0,73.0,289.0,323.0,-34.0,133.0,143.0,-10.0,2347.0,2835.0,1165.0,1334.0,1304.0,1345.0,3209.0,3029.0,411.0,368.0,30.0,24.0
Derby,385.0,177.0,100.0,108.0,135.0,164.0,86.0,599.0,441.0,158.0,270.0,183.0,87.0,5359.0,4051.0,2418.0,1782.0,2459.0,1823.0,4418.0,4925.0,517.0,723.0,13.0,39.0,387.0,109.0,105.0,173.0,91.0,162.0,134.0,414.0,577.0,-163.0,178.0,250.0,-72.0,3790.0,5000.0,1745.0,2185.0,1837.0,2318.0,4695.0,4713.0,700.0,592.0,30.0,24.0
Stoke,349.0,148.0,98.0,103.0,115.0,149.0,85.0,451.0,385.0,66.0,216.0,162.0,54.0,3842.0,3629.0,1662.0,1674.0,1937.0,1745.0,4137.0,3990.0,553.0,573.0,30.0,25.0,350.0,80.0,106.0,164.0,75.0,148.0,127.0,316.0,516.0,-200.0,147.0,231.0,-84.0,3236.0,4940.0,1339.0,2325.0,1417.0,2289.0,4406.0,3942.0,652.0,449.0,36.0,14.0
Hull,310.0,126.0,81.0,103.0,103.0,127.0,80.0,428.0,360.0,68.0,201.0,157.0,44.0,4049.0,3391.0,1765.0,1442.0,1721.0,1513.0,3652.0,3698.0,445.0,513.0,18.0,37.0,308.0,77.0,82.0,149.0,62.0,124.0,122.0,303.0,472.0,-169.0,127.0,214.0,-87.0,3060.0,4256.0,1285.0,1825.0,1369.0,1997.0,3623.0,3325.0,530.0,378.0,25.0,12.0
Burnley,365.0,161.0,98.0,106.0,121.0,160.0,84.0,518.0,419.0,99.0,240.0,182.0,58.0,4535.0,4083.0,2005.0,1751.0,2092.0,1851.0,4041.0,4109.0,483.0,524.0,19.0,28.0,366.0,96.0,102.0,168.0,78.0,159.0,129.0,390.0,560.0,-170.0,174.0,252.0,-78.0,3488.0,5120.0,1570.0,2209.0,1674.0,2355.0,4351.0,3967.0,712.0,457.0,39.0,30.0
Blackpool,180.0,63.0,59.0,58.0,48.0,89.0,43.0,248.0,226.0,22.0,91.0,85.0,6.0,2561.0,2039.0,1186.0,1002.0,1027.0,959.0,1819.0,1998.0,219.0,243.0,11.0,14.0,180.0,40.0,57.0,83.0,40.0,75.0,65.0,202.0,311.0,-109.0,86.0,135.0,-49.0,1744.0,2597.0,783.0,1192.0,818.0,1208.0,1936.0,1869.0,278.0,193.0,22.0,4.0
QPR,334.0,141.0,93.0,100.0,99.0,162.0,73.0,468.0,392.0,76.0,196.0,160.0,36.0,4464.0,3588.0,1842.0,1576.0,1900.0,1784.0,4182.0,4117.0,473.0,571.0,30.0,33.0,334.0,76.0,88.0,170.0,63.0,144.0,127.0,322.0,516.0,-194.0,140.0,240.0,-100.0,3429.0,4300.0,1460.0,1953.0,1480.0,2156.0,4302.0,3734.0,629.0,458.0,39.0,14.0
Swansea,233.0,103.0,68.0,62.0,73.0,109.0,51.0,334.0,253.0,81.0,140.0,116.0,24.0,3043.0,2420.0,1336.0,1015.0,1392.0,1023.0,2186.0,2916.0,306.0,515.0,11.0,21.0,231.0,61.0,59.0,111.0,44.0,111.0,76.0,227.0,334.0,-107.0,91.0,137.0,-46.0,2375.0,3223.0,1036.0,1365.0,1027.0,1321.0,2326.0,2759.0,314.0,347.0,13.0,12.0
Cardiff,359.0,177.0,89.0,93.0,141.0,142.0,76.0,530.0,384.0,146.0,246.0,156.0,90.0,4705.0,3619.0,2163.0,1596.0,2080.0,1654.0,3825.0,4438.0,403.0,634.0,14.0,34.0,361.0,103.0,114.0,144.0,89.0,169.0,103.0,422.0,513.0,-91.0,178.0,201.0,-23.0,3798.0,4722.0,1685.0,2033.0,1735.0,2229.0,3918.0,4115.0,603.0,493.0,36.0,24.0
0,62.0,0.0,0.0,62.0,0.0,0.0,62.0,0.0,0.0,0.0,0.0,0.0,0.0,0.0,0.0,0.0,0.0,0.0,0.0,0.0,0.0,0.0,0.0,0.0,0.0,0.0,0.0,0.0,0.0,0.0,0.0,0.0,0.0,0.0,0.0,0.0,0.0,0.0,0.0,0.0,0.0,0.0,0.0,0.0,0.0,0.0,0.0,0.0,0.0,0.0
Bournemouth,127.0,54.0,34.0,39.0,44.0,52.0,31.0,209.0,177.0,32.0,94.0,77.0,17.0,1827.0,1494.0,640.0,476.0,816.0,598.0,1176.0,1545.0,186.0,240.0,6.0,19.0,127.0,40.0,30.0,57.0,32.0,47.0,48.0,170.0,212.0,-42.0,85.0,101.0,-16.0,1544.0,1846.0,518.0,609.0,669.0,750.0,1210.0,1479.0,193.0,245.0,7.0,17.0
Brighton,243.0,101.0,74.0,68.0,77.0,96.0,70.0,338.0,265.0,73.0,142.0,125.0,17.0,2974.0,2485.0,1143.0,989.0,1410.0,1157.0,2741.0,2919.0,378.0,494.0,21.0,23.0,241.0,63.0,81.0,97.0,52.0,109.0,80.0,228.0,315.0,-87.0,97.0,140.0,-43.0,2344.0,3276.0,894.0,1269.0,1088.0,1411.0,2974.0,2681.0,414.0,341.0,29.0,17.0
Huddersfield,161.0,55.0,42.0,64.0,40.0,70.0,51.0,197.0,217.0,-20.0,87.0,104.0,-17.0,2073.0,1658.0,688.0,632.0,903.0,660.0,1749.0,1806.0,241.0,319.0,10.0,14.0,159.0,40.0,37.0,82.0,30.0,74.0,55.0,153.0,279.0,-126.0,68.0,112.0,-44.0,1729.0,2178.0,614.0,776.0,744.0,888.0,1852.0,1680.0,289.0,223.0,15.0,11.0
Coventry,219.0,83.0,66.0,70.0,69.0,103.0,47.0,274.0,246.0,28.0,135.0,105.0,30.0,2859.0,2575.0,1482.0,1412.0,1351.0,1163.0,2857.0,2661.0,331.0,349.0,17.0,30.0,226.0,48.0,61.0,117.0,37.0,97.0,92.0,228.0,359.0,-131.0,84.0,163.0,-79.0,2165.0,2783.0,1123.0,1492.0,1180.0,1414.0,2709.0,2673.0,368.0,275.0,19.0,20.0
Millwall,252.0,94.0,77.0,81.0,73.0,118.0,61.0,304.0,295.0,9.0,132.0,122.0,10.0,2852.0,2399.0,1227.0,1077.0,1506.0,1076.0,3242.0,3193.0,416.0,458.0,32.0,30.0,251.0,64.0,72.0,115.0,59.0,109.0,83.0,254.0,354.0,-100.0,112.0,148.0,-36.0,2593.0,3304.0,1103.0,1409.0,1250.0,1632.0,3330.0,2846.0,481.0,313.0,26.0,12.0
Rotherham,154.0,45.0,49.0,60.0,37.0,72.0,45.0,187.0,217.0,-30.0,75.0,90.0,-15.0,1899.0,1822.0,723.0,729.0,867.0,786.0,1778.0,1718.0,233.0,226.0,10.0,10.0,150.0,23.0,37.0,90.0,26.0,66.0,58.0,138.0,269.0,-131.0,60.0,116.0,-56.0,1522.0,2177.0,570.0,895.0,666.0,996.0,1947.0,1680.0,258.0,135.0,13.0,5.0
Grimsby,21.0,5.0,6.0,10.0,4.0,11.0,6.0,25.0,34.0,-9.0,13.0,15.0,-2.0,224.0,266.0,127.0,146.0,133.0,132.0,259.0,310.0,33.0,46.0,6.0,3.0,21.0,4.0,5.0,12.0,5.0,9.0,7.0,20.0,41.0,-21.0,10.0,14.0,-4.0,161.0,314.0,74.0,153.0,92.0,150.0,218.0,236.0,30.0,31.0,1.0,0.0
Nott'm Forest,320.0,145.0,85.0,90.0,108.0,131.0,81.0,482.0,358.0,124.0,201.0,160.0,41.0,4086.0,3273.0,1705.0,1392.0,1957.0,1631.0,3670.0,3644.0,497.0,534.0,28.0,38.0,321.0,76.0,104.0,141.0,68.0,143.0,110.0,349.0,459.0,-110.0,145.0,207.0,-62.0,3419.0,4286.0,1449.0,1776.0,1531.0,1951.0,4045.0,3596.0,605.0,488.0,39.0,17.0
Preston,300.0,144.0,90.0,66.0,116.0,120.0,64.0,472.0,310.0,162.0,212.0,125.0,87.0,4151.0,3398.0,1849.0,1513.0,1909.0,1566.0,3712.0,3669.0,413.0,538.0,17.0,31.0,295.0,75.0,86.0,134.0,72.0,108.0,115.0,323.0,448.0,-125.0,143.0,211.0,-68.0,2914.0,3642.0,1307.0,1710.0,1497.0,1728.0,3746.0,3416.0,578.0,397.0,39.0,16.0
Sheffield Weds,306.0,125.0,84.0,97.0,87.0,135.0,84.0,415.0,350.0,65.0,176.0,171.0,5.0,3834.0,2927.0,1549.0,1240.0,1716.0,1487.0,3338.0,3413.0,421.0,511.0,17.0,29.0,303.0,81.0,96.0,126.0,76.0,126.0,101.0,322.0,417.0,-95.0,136.0,183.0,-47.0,3203.0,3863.0,1321.0,1688.0,1393.0,1890.0,3975.0,3341.0,564.0,373.0,34.0,22.0
Walsall,45.0,18.0,10.0,17.0,17.0,21.0,7.0,62.0,63.0,-1.0,28.0,15.0,13.0,443.0,429.0,245.0,228.0,244.0,256.0,577.0,519.0,51.0,66.0,9.0,5.0,45.0,9.0,11.0,25.0,6.0,27.0,12.0,38.0,69.0,-31.0,19.0,24.0,-5.0,346.0,622.0,184.0,337.0,181.0,358.0,588.0,467.0,80.0,45.0,6.0,3.0
Ipswich,381.0,171.0,104.0,106.0,119.0,163.0,99.0,578.0,451.0,127.0,228.0,196.0,32.0,5340.0,4278.0,2505.0,1901.0,2297.0,1883.0,4283.0,4490.0,507.0,618.0,21.0,36.0,383.0,106.0,112.0,165.0,89.0,155.0,139.0,430.0,570.0,-140.0,184.0,252.0,-68.0,4011.0,4719.0,1919.0,2084.0,2020.0,2282.0,4432.0,4188.0,599.0,464.0,32.0,15.0
Wimbledon,45.0,14.0,9.0,22.0,7.0,17.0,21.0,59.0,68.0,-9.0,16.0,33.0,-17.0,422.0,436.0,217.0,243.0,234.0,277.0,456.0,522.0,45.0,59.0,4.0,3.0,45.0,11.0,7.0,27.0,8.0,14.0,23.0,57.0,90.0,-33.0,22.0,45.0,-23.0,415.0,543.0,230.0,292.0,173.0,347.0,500.0,595.0,71.0,51.0,5.0,4.0
Gillingham,60.0,26.0,10.0,24.0,16.0,26.0,18.0,75.0,84.0,-9.0,33.0,39.0,-6.0,677.0,618.0,370.0,317.0,386.0,271.0,774.0,792.0,82.0,101.0,5.0,9.0,62.0,11.0,22.0,29.0,10.0,29.0,23.0,59.0,97.0,-38.0,23.0,48.0,-25.0,521.0,855.0,280.0,468.0,248.0,392.0,814.0,632.0,90.0,47.0,6.0,4.0
Bradford,46.0,13.0,11.0,22.0,13.0,18.0,15.0,50.0,70.0,-20.0,24.0,30.0,-6.0,545.0,509.0,303.0,274.0,287.0,244.0,643.0,632.0,81.0,73.0,6.0,8.0,45.0,10.0,5.0,30.0,8.0,22.0,15.0,37.0,72.0,-35.0,16.0,28.0,-12.0,415.0,598.0,206.0,303.0,254.0,301.0,613.0,520.0,93.0,42.0,6.0,5.0
Crewe,59.0,22.0,14.0,23.0,22.0,23.0,14.0,91.0,84.0,7.0,44.0,39.0,5.0,592.0,893.0,301.0,468.0,267.0,407.0,530.0,765.0,39.0,80.0,1.0,6.0,63.0,10.0,22.0,31.0,14.0,23.0,26.0,65.0,116.0,-51.0,30.0,52.0,-22.0,530.0,1106.0,295.0,595.0,260.0,555.0,507.0,741.0,48.0,61.0,2.0,6.0
Plymouth,130.0,48.0,38.0,44.0,41.0,57.0,32.0,171.0,151.0,20.0,79.0,65.0,14.0,1507.0,1235.0,792.0,674.0,821.0,659.0,1724.0,1813.0,167.0,287.0,6.0,15.0,134.0,34.0,34.0,66.0,34.0,56.0,44.0,115.0,183.0,-68.0,57.0,83.0,-26.0,1222.0,1523.0,610.0,758.0,614.0,830.0,1817.0,1584.0,225.0,167.0,8.0,5.0
Luton,52.0,20.0,13.0,19.0,17.0,20.0,15.0,88.0,81.0,7.0,42.0,38.0,4.0,597.0,496.0,277.0,207.0,340.0,276.0,649.0,681.0,77.0,80.0,1.0,5.0,54.0,11.0,9.0,34.0,8.0,27.0,19.0,52.0,92.0,-40.0,20.0,32.0,-12.0,549.0,708.0,269.0,339.0,298.0,310.0,710.0,691.0,74.0,75.0,9.0,3.0
Barnsley,237.0,82.0,71.0,84.0,72.0,98.0,67.0,291.0,313.0,-22.0,132.0,141.0,-9.0,2893.0,2660.0,1267.0,1184.0,1286.0,1315.0,2725.0,2832.0,329.0,380.0,20.0,13.0,237.0,49.0,52.0,136.0,44.0,99.0,94.0,240.0,417.0,-177.0,106.0,181.0,-75.0,2497.0,3466.0,1105.0,1634.0,1053.0,1563.0,2911.0,2625.0,427.0,298.0,22.0,14.0
Colchester,46.0,19.0,12.0,15.0,14.0,18.0,14.0,77.0,60.0,17.0,32.0,28.0,4.0,425.0,448.0,206.0,223.0,240.0,281.0,466.0,568.0,52.0,89.0,5.0,7.0,46.0,8.0,14.0,24.0,10.0,19.0,17.0,55.0,82.0,-27.0,24.0,34.0,-10.0,425.0,606.0,205.0,314.0,224.0,352.0,482.0,515.0,55.0,58.0,2.0,3.0
Southend,23.0,6.0,6.0,11.0,6.0,7.0,10.0,29.0,38.0,-9.0,11.0,17.0,-6.0,317.0,287.0,162.0,157.0,116.0,122.0,274.0,313.0,28.0,51.0,1.0,1.0,23.0,4.0,6.0,13.0,4.0,8.0,11.0,18.0,42.0,-24.0,9.0,19.0,-10.0,227.0,314.0,112.0,175.0,108.0,144.0,317.0,315.0,41.0,36.0,3.0,3.0
Bristol City,237.0,95.0,72.0,70.0,70.0,98.0,69.0,343.0,304.0,39.0,135.0,135.0,0.0,3105.0,2753.0,1445.0,1285.0,1307.0,1076.0,2563.0,2758.0,300.0,441.0,14.0,18.0,237.0,65.0,63.0,109.0,52.0,112.0,73.0,248.0,352.0,-104.0,100.0,133.0,-33.0,2507.0,3438.0,1071.0,1453.0,1106.0,1411.0,2735.0,2627.0,407.0,309.0,13.0,18.0
Scunthorpe,69.0,22.0,20.0,27.0,19.0,29.0,21.0,92.0,105.0,-13.0,38.0,41.0,-3.0,868.0,866.0,457.0,445.0,417.0,359.0,799.0,821.0,103.0,107.0,8.0,10.0,69.0,15.0,9.0,45.0,13.0,24.0,32.0,59.0,135.0,-76.0,26.0,63.0,-37.0,608.0,1026.0,302.0,530.0,271.0,494.0,824.0,711.0,90.0,71.0,12.0,7.0
Doncaster,115.0,38.0,33.0,44.0,36.0,38.0,41.0,123.0,145.0,-22.0,59.0,64.0,-5.0,1241.0,1061.0,582.0,505.0,624.0,577.0,1077.0,1225.0,110.0,144.0,3.0,7.0,115.0,24.0,27.0,64.0,26.0,55.0,34.0,115.0,197.0,-82.0,56.0,61.0,-5.0,1092.0,1619.0,512.0,774.0,518.0,698.0,1150.0,1247.0,177.0,136.0,12.0,7.0
Peterboro,69.0,24.0,13.0,32.0,19.0,22.0,28.0,107.0,114.0,-7.0,37.0,51.0,-14.0,862.0,884.0,473.0,488.0,388.0,385.0,660.0,713.0,77.0,108.0,3.0,9.0,69.0,12.0,17.0,40.0,13.0,20.0,36.0,72.0,118.0,-46.0,33.0,63.0,-30.0,714.0,999.0,371.0,504.0,342.0,506.0,707.0,647.0,79.0,95.0,2.0,3.0
Yeovil,23.0,4.0,6.0,13.0,6.0,12.0,5.0,19.0,32.0,-13.0,10.0,10.0,0.0,291.0,368.0,101.0,118.0,128.0,130.0,294.0,284.0,36.0,42.0,0.0,5.0,23.0,4.0,7.0,12.0,7.0,11.0,5.0,25.0,43.0,-18.0,15.0,12.0,3.0,268.0,475.0,80.0,151.0,98.0,157.0,319.0,220.0,44.0,21.0,4.0,1.0
Brentford,121.0,58.0,33.0,30.0,43.0,49.0,29.0,216.0,135.0,81.0,86.0,61.0,25.0,1984.0,1361.0,700.0,492.0,857.0,575.0,1246.0,1488.0,185.0,264.0,10.0,13.0,123.0,43.0,25.0,55.0,29.0,48.0,46.0,162.0,179.0,-17.0,63.0,88.0,-25.0,1651.0,1634.0,556.0,586.0,643.0,655.0,1337.0,1458.0,197.0,196.0,3.0,11.0
Milton Keynes Dons,23.0,7.0,3.0,13.0,6.0,10.0,7.0,21.0,37.0,-16.0,9.0,12.0,-3.0,310.0,276.0,88.0,92.0,142.0,101.0,234.0,350.0,31.0,53.0,3.0,4.0,23.0,2.0,9.0,12.0,3.0,14.0,6.0,18.0,32.0,-14.0,8.0,12.0,-4.0,194.0,371.0,62.0,128.0,99.0,165.0,255.0,316.0,52.0,37.0,1.0,2.0
Burton,46.0,13.0,9.0,24.0,12.0,19.0,15.0,47.0,73.0,-26.0,23.0,30.0,-7.0,540.0,521.0,162.0,182.0,229.0,230.0,464.0,571.0,59.0,57.0,0.0,1.0,46.0,10.0,15.0,21.0,7.0,25.0,14.0,40.0,71.0,-31.0,19.0,30.0,-11.0,425.0,717.0,128.0,226.0,196.0,285.0,472.0,569.0,87.0,64.0,3.0,3.0
Guingamp,292.0,127.0,91.0,74.0,84.0,147.0,61.0,413.0,287.0,126.0,165.0,121.0,44.0,1508.0,1320.0,495.0,453.0,697.0,532.0,1596.0,1830.0,176.0,253.0,15.0,26.0,289.0,58.0,81.0,150.0,53.0,135.0,101.0,243.0,429.0,-186.0,96.0,167.0,-71.0,1170.0,1686.0,413.0,595.0,471.0,697.0,1570.0,1623.0,224.0,217.0,15.0,11.0
Lyon,310.0,193.0,75.0,42.0,151.0,116.0,43.0,611.0,268.0,343.0,285.0,124.0,161.0,4347.0,2627.0,1655.0,939.0,1514.0,1010.0,3240.0,3478.0,376.0,566.0,21.0,29.0,308.0,144.0,78.0,86.0,94.0,131.0,83.0,470.0,342.0,128.0,195.0,156.0,39.0,3378.0,3134.0,1269.0,1084.0,1150.0,1182.0,3600.0,3481.0,498.0,493.0,35.0,45.0
Bastia,247.0,123.0,64.0,60.0,93.0,110.0,44.0,357.0,234.0,123.0,171.0,106.0,65.0,992.0,938.0,368.0,319.0,449.0,403.0,1312.0,1412.0,183.0,175.0,18.0,18.0,250.0,48.0,59.0,143.0,32.0,119.0,99.0,194.0,399.0,-205.0,74.0,167.0,-93.0,837.0,1394.0,254.0,513.0,314.0,514.0,1290.0,1221.0,186.0,157.0,24.0,11.0
Lens,313.0,139.0,104.0,70.0,100.0,154.0,59.0,417.0,294.0,123.0,186.0,123.0,63.0,1967.0,1533.0,754.0,521.0,698.0,537.0,1510.0,1588.0,247.0,326.0,15.0,23.0,311.0,77.0,101.0,133.0,62.0,141.0,108.0,313.0,422.0,-109.0,133.0,206.0,-73.0,1543.0,1869.0,555.0,729.0,639.0,677.0,1651.0,1568.0,291.0,244.0,19.0,12.0
Lille,312.0,173.0,83.0,56.0,128.0,134.0,50.0,512.0,258.0,254.0,225.0,115.0,110.0,3914.0,2395.0,1418.0,856.0,1433.0,922.0,3349.0,3930.0,404.0,582.0,17.0,37.0,308.0,95.0,104.0,109.0,77.0,153.0,78.0,333.0,362.0,-29.0,144.0,161.0,-17.0,3234.0,3179.0,1153.0,1123.0,1113.0,1215.0,3533.0,3674.0,526.0,489.0,41.0,36.0
Bordeaux,308.0,156.0,95.0,57.0,120.0,129.0,59.0,446.0,284.0,162.0,197.0,115.0,82.0,3618.0,2542.0,1304.0,868.0,1327.0,1031.0,3312.0,3730.0,423.0,585.0,25.0,37.0,313.0,93.0,103.0,117.0,73.0,145.0,95.0,345.0,385.0,-40.0,146.0,179.0,-33.0,2905.0,3143.0,1011.0,1139.0,1042.0,1278.0,3403.0,3658.0,550.0,473.0,36.0,33.0
Marseille,312.0,177.0,78.0,57.0,128.0,136.0,48.0,529.0,292.0,237.0,233.0,127.0,106.0,4250.0,2514.0,1475.0,870.0,1524.0,950.0,3268.0,3596.0,409.0,468.0,28.0,25.0,311.0,117.0,92.0,102.0,79.0,156.0,76.0,405.0,380.0,25.0,168.0,169.0,-1.0,3381.0,3136.0,1193.0,1139.0,1258.0,1187.0,3624.0,3485.0,557.0,475.0,32.0,27.0
Nantes,308.0,133.0,97.0,78.0,103.0,139.0,66.0,385.0,300.0,85.0,180.0,130.0,50.0,2210.0,1627.0,749.0,583.0,830.0,626.0,1963.0,1804.0,277.0,357.0,17.0,22.0,306.0,74.0,80.0,152.0,67.0,145.0,94.0,264.0,393.0,-129.0,124.0,172.0,-48.0,1748.0,2264.0,531.0,831.0,662.0,846.0,2103.0,1660.0,370.0,282.0,19.0,10.0
Montpellier,312.0,148.0,85.0,79.0,93.0,149.0,70.0,429.0,287.0,142.0,175.0,142.0,33.0,2744.0,1944.0,931.0,643.0,1006.0,687.0,2816.0,3147.0,321.0,407.0,19.0,34.0,308.0,80.0,88.0,140.0,67.0,143.0,98.0,318.0,432.0,-114.0,134.0,182.0,-48.0,2182.0,2406.0,745.0,834.0,857.0,963.0,2856.0,3006.0,343.0,332.0,38.0,21.0
Rennes,309.0,141.0,90.0,78.0,106.0,143.0,60.0,430.0,316.0,114.0,182.0,118.0,64.0,3507.0,2871.0,1272.0,1033.0,1313.0,1067.0,3109.0,3253.0,404.0,548.0,19.0,48.0,312.0,87.0,90.0,135.0,67.0,145.0,100.0,313.0,407.0,-94.0,137.0,176.0,-39.0,2852.0,3571.0,1006.0,1213.0,969.0,1377.0,3413.0,3209.0,437.0,396.0,39.0,26.0
Nice,313.0,150.0,89.0,74.0,108.0,147.0,58.0,411.0,283.0,128.0,196.0,131.0,65.0,3284.0,2967.0,1179.0,1021.0,1251.0,1064.0,3237.0,3813.0,455.0,565.0,29.0,62.0,314.0,75.0,100.0,139.0,59.0,154.0,101.0,282.0,418.0,-136.0,119.0,169.0,-50.0,2637.0,3690.0,960.0,1308.0,961.0,1361.0,3329.0,3545.0,552.0,463.0,40.0,32.0
Le Havre,300.0,143.0,91.0,66.0,101.0,142.0,57.0,425.0,276.0,149.0,193.0,126.0,67.0,786.0,680.0,283.0,255.0,335.0,323.0,613.0,686.0,100.0,120.0,7.0,17.0,302.0,77.0,94.0,131.0,71.0,130.0,101.0,289.0,374.0,-85.0,127.0,169.0,-42.0,678.0,813.0,230.0,289.0,273.0,407.0,667.0,660.0,108.0,101.0,6.0,6.0
Paris SG,313.0,201.0,71.0,41.0,160.0,117.0,36.0,671.0,243.0,428.0,304.0,103.0,201.0,4049.0,2747.0,1609.0,905.0,1599.0,1005.0,2937.0,3191.0,392.0,476.0,17.0,25.0,309.0,139.0,87.0,83.0,92.0,144.0,73.0,440.0,308.0,132.0,180.0,140.0,40.0,3289.0,3281.0,1315.0,1039.0,1285.0,1120.0,3073.0,3291.0,502.0,416.0,31.0,25.0
Auxerre,310.0,138.0,95.0,77.0,91.0,149.0,70.0,409.0,285.0,124.0,166.0,136.0,30.0,2121.0,1670.0,813.0,586.0,815.0,689.0,1735.0,1722.0,272.0,323.0,11.0,17.0,313.0,79.0,88.0,146.0,60.0,137.0,116.0,296.0,421.0,-125.0,119.0,187.0,-68.0,1764.0,2175.0,651.0,786.0,646.0,796.0,1831.0,1577.0,298.0,207.0,14.0,8.0
Sedan,180.0,76.0,63.0,41.0,59.0,79.0,42.0,253.0,181.0,72.0,115.0,87.0,28.0,181.0,165.0,82.0,78.0,74.0,62.0,0.0,0.0,26.0,29.0,2.0,1.0,180.0,43.0,60.0,77.0,45.0,74.0,61.0,188.0,258.0,-70.0,90.0,113.0,-23.0,159.0,278.0,84.0,132.0,71.0,104.0,0.0,0.0,31.0,22.0,4.0,2.0
Sochaux,312.0,130.0,86.0,96.0,99.0,137.0,76.0,370.0,335.0,35.0,166.0,145.0,21.0,2692.0,2428.0,975.0,902.0,1051.0,838.0,2365.0,2489.0,304.0,381.0,22.0,20.0,311.0,69.0,93.0,149.0,59.0,150.0,102.0,285.0,431.0,-146.0,118.0,177.0,-59.0,2048.0,2787.0,745.0,1084.0,868.0,1000.0,2494.0,2354.0,391.0,309.0,26.0,16.0
Strasbourg,197.0,91.0,58.0,48.0,72.0,83.0,42.0,285.0,207.0,78.0,133.0,92.0,41.0,1044.0,865.0,388.0,305.0,328.0,256.0,943.0,854.0,133.0,170.0,8.0,12.0,197.0,36.0,67.0,94.0,33.0,83.0,81.0,187.0,307.0,-120.0,73.0,135.0,-62.0,758.0,1052.0,244.0,421.0,265.0,333.0,923.0,750.0,143.0,131.0,12.0,6.0
Ajaccio,309.0,127.0,98.0,84.0,91.0,152.0,66.0,368.0,305.0,63.0,175.0,140.0,35.0,1269.0,1176.0,495.0,461.0,474.0,448.0,1238.0,1265.0,221.0,215.0,12.0,22.0,312.0,55.0,96.0,161.0,58.0,143.0,111.0,265.0,486.0,-221.0,133.0,198.0,-65.0,936.0,1687.0,364.0,652.0,321.0,610.0,1242.0,1192.0,251.0,198.0,19.0,15.0
Troyes,280.0,130.0,68.0,82.0,93.0,112.0,75.0,392.0,303.0,89.0,161.0,130.0,31.0,1286.0,1385.0,542.0,557.0,490.0,514.0,1026.0,1087.0,215.0,232.0,16.0,25.0,280.0,68.0,73.0,139.0,48.0,117.0,115.0,266.0,394.0,-128.0,107.0,184.0,-77.0,1018.0,1690.0,385.0,622.0,382.0,615.0,1050.0,1014.0,217.0,169.0,19.0,14.0
Monaco,313.0,153.0,95.0,65.0,119.0,136.0,58.0,493.0,307.0,186.0,220.0,124.0,96.0,2975.0,2354.0,1098.0,801.0,1178.0,875.0,2944.0,3147.0,403.0,442.0,27.0,28.0,311.0,115.0,102.0,94.0,98.0,125.0,88.0,386.0,355.0,31.0,175.0,168.0,7.0,2609.0,3087.0,967.0,1073.0,951.0,1151.0,3027.0,2886.0,508.0,358.0,33.0,22.0
Le Mans,196.0,83.0,56.0,57.0,63.0,96.0,37.0,235.0,186.0,49.0,109.0,75.0,34.0,1271.0,1071.0,489.0,374.0,394.0,321.0,1107.0,998.0,156.0,177.0,8.0,8.0,197.0,49.0,50.0,98.0,45.0,85.0,67.0,194.0,301.0,-107.0,93.0,125.0,-32.0,1004.0,1306.0,376.0,515.0,311.0,418.0,1128.0,908.0,214.0,153.0,15.0,9.0
Metz,290.0,129.0,74.0,87.0,92.0,131.0,67.0,377.0,310.0,67.0,168.0,138.0,30.0,1502.0,1365.0,543.0,510.0,494.0,453.0,1456.0,1304.0,200.0,177.0,10.0,21.0,293.0,75.0,88.0,130.0,56.0,140.0,97.0,259.0,390.0,-131.0,109.0,178.0,-69.0,1102.0,1634.0,361.0,598.0,376.0,573.0,1569.0,1238.0,241.0,138.0,20.0,8.0
Toulouse,307.0,124.0,101.0,82.0,89.0,162.0,56.0,373.0,296.0,77.0,153.0,122.0,31.0,3323.0,2882.0,1165.0,983.0,1288.0,1016.0,3724.0,3488.0,452.0,479.0,26.0,37.0,311.0,72.0,85.0,154.0,61.0,130.0,120.0,284.0,432.0,-148.0,122.0,201.0,-79.0,2591.0,3661.0,915.0,1259.0,1008.0,1344.0,3970.0,3367.0,554.0,406.0,41.0,24.0
Caen,301.0,129.0,81.0,91.0,83.0,158.0,60.0,372.0,317.0,55.0,171.0,138.0,33.0,2288.0,2148.0,717.0,748.0,955.0,753.0,2628.0,2662.0,284.0,362.0,14.0,19.0,299.0,73.0,100.0,126.0,62.0,135.0,102.0,342.0,447.0,-105.0,142.0,202.0,-60.0,1749.0,2638.0,577.0,912.0,723.0,1024.0,2705.0,2360.0,322.0,234.0,25.0,10.0
Istres,162.0,64.0,53.0,45.0,46.0,69.0,47.0,196.0,178.0,18.0,81.0,84.0,-3.0,0.0,0.0,0.0,0.0,0.0,0.0,0.0,0.0,0.0,0.0,0.0,0.0,161.0,24.0,43.0,94.0,14.0,78.0,69.0,125.0,275.0,-150.0,45.0,123.0,-78.0,0.0,0.0,0.0,0.0,0.0,0.0,0.0,0.0,0.0,0.0,0.0,0.0
St Etienne,297.0,145.0,86.0,66.0,102.0,137.0,58.0,431.0,258.0,173.0,181.0,107.0,74.0,3814.0,2786.0,1322.0,974.0,1455.0,1031.0,3227.0,3319.0,398.0,479.0,19.0,34.0,302.0,84.0,85.0,133.0,70.0,135.0,97.0,285.0,391.0,-106.0,137.0,165.0,-28.0,2868.0,3605.0,969.0,1300.0,1103.0,1368.0,3560.0,3206.0,501.0,427.0,41.0,34.0
Nancy,302.0,135.0,78.0,89.0,99.0,146.0,57.0,386.0,311.0,75.0,171.0,113.0,58.0,2715.0,2165.0,921.0,773.0,1013.0,832.0,2391.0,2570.0,334.0,444.0,27.0,29.0,299.0,72.0,94.0,133.0,60.0,149.0,90.0,278.0,386.0,-108.0,136.0,176.0,-40.0,2135.0,2720.0,751.0,970.0,802.0,1087.0,2543.0,2419.0,437.0,347.0,31.0,17.0
Valenciennes,272.0,109.0,90.0,73.0,89.0,128.0,55.0,364.0,290.0,74.0,165.0,126.0,39.0,2444.0,2133.0,897.0,776.0,1001.0,793.0,2528.0,2452.0,314.0,388.0,24.0,37.0,272.0,57.0,74.0,141.0,46.0,119.0,107.0,247.0,398.0,-151.0,99.0,183.0,-84.0,1848.0,2822.0,623.0,1037.0,800.0,1130.0,2590.0,2280.0,367.0,301.0,20.0,11.0
Lorient,297.0,132.0,94.0,71.0,90.0,136.0,71.0,410.0,286.0,124.0,157.0,125.0,32.0,3179.0,2597.0,1140.0,916.0,1388.0,1149.0,2590.0,3197.0,317.0,450.0,21.0,34.0,301.0,80.0,79.0,142.0,69.0,127.0,105.0,321.0,454.0,-133.0,154.0,203.0,-49.0,2540.0,3187.0,942.0,1283.0,1146.0,1328.0,2833.0,3035.0,430.0,408.0,33.0,26.0
Grenoble,166.0,67.0,55.0,44.0,49.0,81.0,36.0,208.0,158.0,50.0,89.0,71.0,18.0,753.0,641.0,225.0,216.0,311.0,289.0,880.0,1014.0,96.0,119.0,7.0,7.0,164.0,32.0,53.0,79.0,28.0,80.0,56.0,137.0,230.0,-93.0,57.0,104.0,-47.0,650.0,835.0,232.0,309.0,250.0,337.0,955.0,1028.0,117.0,86.0,7.0,3.0
Boulogne,93.0,38.0,20.0,35.0,25.0,41.0,27.0,108.0,100.0,8.0,46.0,45.0,1.0,183.0,250.0,63.0,89.0,83.0,105.0,312.0,278.0,36.0,33.0,3.0,1.0,94.0,20.0,30.0,44.0,17.0,45.0,32.0,84.0,137.0,-53.0,32.0,58.0,-26.0,172.0,352.0,53.0,103.0,62.0,125.0,283.0,254.0,38.0,16.0,3.0,1.0
Arles,114.0,41.0,41.0,32.0,31.0,55.0,28.0,119.0,117.0,2.0,50.0,49.0,1.0,204.0,245.0,59.0,95.0,85.0,94.0,293.0,289.0,31.0,32.0,4.0,0.0,114.0,15.0,41.0,58.0,8.0,62.0,44.0,82.0,178.0,-96.0,32.0,81.0,-49.0,174.0,316.0,43.0,107.0,74.0,149.0,361.0,273.0,36.0,24.0,4.0,1.0
Brest,290.0,133.0,88.0,69.0,107.0,121.0,62.0,387.0,262.0,125.0,184.0,128.0,56.0,1245.0,1087.0,456.0,384.0,561.0,490.0,1281.0,1204.0,156.0,181.0,8.0,19.0,288.0,76.0,90.0,122.0,60.0,133.0,95.0,267.0,355.0,-88.0,109.0,158.0,-49.0,967.0,1396.0,342.0,524.0,418.0,597.0,1261.0,1060.0,189.0,134.0,9.0,5.0
Evian Thonon Gaillard,114.0,44.0,30.0,40.0,37.0,48.0,29.0,160.0,136.0,24.0,69.0,59.0,10.0,929.0,831.0,311.0,315.0,355.0,341.0,1094.0,1044.0,133.0,138.0,6.0,12.0,114.0,28.0,31.0,55.0,24.0,48.0,42.0,124.0,167.0,-43.0,58.0,83.0,-25.0,668.0,1056.0,237.0,377.0,284.0,444.0,1139.0,937.0,153.0,124.0,11.0,7.0
Dijon,289.0,135.0,82.0,72.0,92.0,131.0,66.0,406.0,304.0,102.0,172.0,135.0,37.0,1036.0,1037.0,348.0,368.0,411.0,418.0,1092.0,1109.0,145.0,151.0,11.0,11.0,289.0,68.0,96.0,125.0,62.0,131.0,96.0,295.0,415.0,-120.0,128.0,173.0,-45.0,815.0,1297.0,283.0,450.0,307.0,504.0,1180.0,1064.0,166.0,106.0,14.0,8.0
Reims,279.0,128.0,80.0,71.0,107.0,112.0,60.0,387.0,278.0,109.0,176.0,110.0,66.0,1454.0,1360.0,513.0,488.0,625.0,525.0,1400.0,1331.0,202.0,209.0,9.0,12.0,278.0,62.0,93.0,123.0,57.0,136.0,85.0,255.0,379.0,-124.0,111.0,152.0,-41.0,1177.0,1583.0,419.0,591.0,494.0,710.0,1402.0,1266.0,212.0,168.0,11.0,8.0
Angers,252.0,109.0,82.0,61.0,79.0,111.0,62.0,329.0,229.0,100.0,131.0,115.0,16.0,1123.0,770.0,368.0,260.0,400.0,347.0,1017.0,1016.0,108.0,177.0,7.0,11.0,251.0,66.0,77.0,108.0,53.0,136.0,62.0,245.0,331.0,-86.0,116.0,137.0,-21.0,885.0,1027.0,301.0,348.0,326.0,444.0,1011.0,921.0,154.0,135.0,11.0,9.0
Ajaccio GFCO,114.0,41.0,35.0,38.0,42.0,40.0,32.0,135.0,142.0,-7.0,71.0,61.0,10.0,724.0,546.0,253.0,234.0,315.0,216.0,556.0,542.0,125.0,102.0,9.0,4.0,114.0,24.0,31.0,59.0,24.0,45.0,45.0,97.0,172.0,-75.0,45.0,84.0,-39.0,469.0,649.0,155.0,259.0,176.0,297.0,584.0,495.0,148.0,79.0,11.0,4.0
Amiens,184.0,76.0,59.0,49.0,60.0,86.0,38.0,230.0,175.0,55.0,102.0,72.0,30.0,477.0,582.0,149.0,187.0,175.0,187.0,566.0,607.0,66.0,77.0,6.0,3.0,184.0,39.0,56.0,89.0,36.0,79.0,69.0,164.0,256.0,-92.0,72.0,118.0,-46.0,373.0,684.0,107.0,208.0,145.0,270.0,593.0,554.0,91.0,58.0,6.0,3.0
Nimes,195.0,86.0,61.0,48.0,58.0,92.0,45.0,285.0,199.0,86.0,111.0,93.0,18.0,630.0,366.0,276.0,152.0,258.0,158.0,317.0,337.0,75.0,131.0,7.0,17.0,196.0,55.0,48.0,93.0,35.0,91.0,70.0,214.0,288.0,-74.0,89.0,133.0,-44.0,549.0,535.0,215.0,212.0,240.0,183.0,317.0,346.0,80.0,105.0,2.0,7.0
Valence,8.0,5.0,1.0,2.0,2.0,6.0,0.0,11.0,3.0,8.0,2.0,0.0,2.0,0.0,0.0,0.0,0.0,0.0,0.0,0.0,0.0,0.0,0.0,0.0,0.0,9.0,3.0,1.0,5.0,3.0,4.0,2.0,9.0,15.0,-6.0,6.0,3.0,3.0,0.0,0.0,0.0,0.0,0.0,0.0,0.0,0.0,0.0,0.0,0.0,0.0
Chateauroux,259.0,106.0,87.0,66.0,74.0,117.0,68.0,324.0,259.0,65.0,130.0,113.0,17.0,506.0,455.0,207.0,184.0,230.0,229.0,314.0,296.0,69.0,74.0,8.0,4.0,260.0,53.0,74.0,133.0,48.0,115.0,97.0,244.0,405.0,-161.0,99.0,170.0,-71.0,442.0,584.0,176.0,248.0,174.0,266.0,406.0,370.0,90.0,58.0,12.0,4.0
Beauvais,8.0,4.0,2.0,2.0,4.0,2.0,2.0,7.0,2.0,5.0,4.0,2.0,2.0,0.0,0.0,0.0,0.0,0.0,0.0,0.0,0.0,0.0,0.0,0.0,0.0,8.0,2.0,2.0,4.0,2.0,2.0,4.0,3.0,6.0,-3.0,2.0,4.0,-2.0,0.0,0.0,0.0,0.0,0.0,0.0,0.0,0.0,0.0,0.0,0.0,0.0
Clermont,280.0,117.0,95.0,68.0,80.0,154.0,46.0,353.0,257.0,96.0,141.0,99.0,42.0,601.0,371.0,270.0,187.0,247.0,153.0,300.0,349.0,71.0,93.0,7.0,10.0,279.0,66.0,92.0,121.0,68.0,123.0,88.0,296.0,399.0,-103.0,136.0,173.0,-37.0,515.0,482.0,195.0,198.0,216.0,216.0,287.0,302.0,68.0,77.0,7.0,4.0
Niort,203.0,74.0,76.0,53.0,56.0,103.0,44.0,244.0,204.0,40.0,117.0,96.0,21.0,436.0,478.0,187.0,177.0,179.0,224.0,342.0,322.0,85.0,84.0,4.0,1.0,202.0,40.0,66.0,96.0,36.0,102.0,64.0,188.0,293.0,-105.0,80.0,122.0,-42.0,410.0,557.0,167.0,215.0,188.0,257.0,357.0,348.0,101.0,77.0,8.0,6.0
Gueugnon,83.0,33.0,27.0,23.0,29.0,35.0,19.0,97.0,78.0,19.0,47.0,33.0,14.0,0.0,0.0,0.0,0.0,0.0,0.0,0.0,0.0,0.0,0.0,0.0,0.0,83.0,12.0,26.0,45.0,13.0,37.0,33.0,60.0,126.0,-66.0,24.0,64.0,-40.0,0.0,0.0,0.0,0.0,0.0,0.0,0.0,0.0,0.0,0.0,0.0,0.0
Laval,200.0,77.0,69.0,54.0,57.0,104.0,39.0,272.0,225.0,47.0,108.0,85.0,23.0,0.0,0.0,0.0,0.0,0.0,0.0,0.0,0.0,0.0,0.0,0.0,0.0,197.0,29.0,71.0,97.0,40.0,94.0,63.0,154.0,271.0,-117.0,75.0,108.0,-33.0,0.0,0.0,0.0,0.0,0.0,0.0,0.0,0.0,0.0,0.0,0.0,0.0
Wasquehal,8.0,2.0,6.0,0.0,2.0,3.0,3.0,9.0,6.0,3.0,3.0,4.0,-1.0,0.0,0.0,0.0,0.0,0.0,0.0,0.0,0.0,0.0,0.0,0.0,0.0,8.0,2.0,2.0,4.0,1.0,3.0,4.0,4.0,7.0,-3.0,3.0,6.0,-3.0,0.0,0.0,0.0,0.0,0.0,0.0,0.0,0.0,0.0,0.0,0.0,0.0
Creteil,123.0,46.0,46.0,31.0,38.0,63.0,22.0,167.0,133.0,34.0,83.0,54.0,29.0,0.0,0.0,0.0,0.0,0.0,0.0,0.0,0.0,0.0,0.0,0.0,0.0,122.0,21.0,43.0,58.0,25.0,55.0,42.0,117.0,182.0,-65.0,61.0,81.0,-20.0,0.0,0.0,0.0,0.0,0.0,0.0,0.0,0.0,0.0,0.0,0.0,0.0
Rouen,0.0,0.0,0.0,0.0,0.0,0.0,0.0,0.0,0.0,0.0,0.0,0.0,0.0,0.0,0.0,0.0,0.0,0.0,0.0,0.0,0.0,0.0,0.0,0.0,0.0,1.0,0.0,1.0,0.0,0.0,1.0,0.0,0.0,0.0,0.0,0.0,0.0,0.0,0.0,0.0,0.0,0.0,0.0,0.0,0.0,0.0,0.0,0.0,0.0,0.0
Besancon,1.0,0.0,0.0,1.0,0.0,1.0,0.0,0.0,1.0,-1.0,0.0,0.0,0.0,0.0,0.0,0.0,0.0,0.0,0.0,0.0,0.0,0.0,0.0,0.0,0.0,1.0,0.0,1.0,0.0,0.0,1.0,0.0,0.0,0.0,0.0,0.0,0.0,0.0,0.0,0.0,0.0,0.0,0.0,0.0,0.0,0.0,0.0,0.0,0.0,0.0
Sete,19.0,4.0,7.0,8.0,3.0,10.0,6.0,23.0,30.0,-7.0,7.0,12.0,-5.0,0.0,0.0,0.0,0.0,0.0,0.0,0.0,0.0,0.0,0.0,0.0,0.0,19.0,0.0,4.0,15.0,3.0,7.0,9.0,8.0,30.0,-22.0,6.0,13.0,-7.0,0.0,0.0,0.0,0.0,0.0,0.0,0.0,0.0,0.0,0.0,0.0,0.0
Libourne,36.0,13.0,8.0,15.0,12.0,12.0,12.0,48.0,53.0,-5.0,27.0,26.0,1.0,0.0,0.0,0.0,0.0,0.0,0.0,0.0,0.0,0.0,0.0,0.0,0.0,37.0,6.0,8.0,23.0,6.0,19.0,12.0,33.0,58.0,-25.0,15.0,23.0,-8.0,0.0,0.0,0.0,0.0,0.0,0.0,0.0,0.0,0.0,0.0,0.0,0.0
Tours,209.0,88.0,57.0,64.0,71.0,90.0,48.0,290.0,250.0,40.0,135.0,104.0,31.0,180.0,175.0,102.0,102.0,88.0,96.0,0.0,0.0,37.0,37.0,1.0,1.0,209.0,39.0,64.0,106.0,47.0,83.0,79.0,210.0,325.0,-115.0,100.0,146.0,-46.0,128.0,216.0,58.0,104.0,57.0,107.0,0.0,0.0,38.0,32.0,3.0,1.0
Vannes,57.0,21.0,21.0,15.0,21.0,17.0,19.0,67.0,62.0,5.0,34.0,39.0,-5.0,0.0,0.0,0.0,0.0,0.0,0.0,0.0,0.0,0.0,0.0,0.0,0.0,57.0,16.0,9.0,32.0,10.0,22.0,25.0,46.0,93.0,-47.0,15.0,43.0,-28.0,0.0,0.0,0.0,0.0,0.0,0.0,0.0,0.0,0.0,0.0,0.0,0.0
CA Bastia,19.0,2.0,9.0,8.0,4.0,9.0,6.0,15.0,29.0,-14.0,7.0,11.0,-4.0,0.0,0.0,0.0,0.0,0.0,0.0,0.0,0.0,0.0,0.0,0.0,0.0,19.0,2.0,3.0,14.0,1.0,8.0,10.0,6.0,34.0,-28.0,2.0,15.0,-13.0,0.0,0.0,0.0,0.0,0.0,0.0,0.0,0.0,0.0,0.0,0.0,0.0
Orleans,82.0,27.0,28.0,27.0,21.0,39.0,22.0,100.0,94.0,6.0,49.0,45.0,4.0,457.0,416.0,201.0,181.0,206.0,206.0,343.0,291.0,80.0,81.0,5.0,4.0,82.0,21.0,17.0,44.0,16.0,31.0,35.0,89.0,136.0,-47.0,38.0,63.0,-25.0,359.0,536.0,154.0,229.0,169.0,235.0,400.0,298.0,117.0,59.0,11.0,1.0
Bourg Peronnas,57.0,23.0,13.0,21.0,16.0,28.0,13.0,90.0,89.0,1.0,37.0,36.0,1.0,187.0,196.0,88.0,90.0,82.0,93.0,0.0,0.0,38.0,27.0,6.0,3.0,57.0,11.0,12.0,34.0,7.0,27.0,23.0,56.0,115.0,-59.0,23.0,49.0,-26.0,143.0,250.0,57.0,128.0,67.0,103.0,0.0,0.0,34.0,30.0,0.0,1.0
Paris FC,63.0,23.0,25.0,15.0,21.0,30.0,12.0,65.0,56.0,9.0,29.0,19.0,10.0,433.0,349.0,171.0,127.0,208.0,170.0,335.0,397.0,60.0,84.0,2.0,7.0,63.0,16.0,22.0,25.0,17.0,30.0,16.0,56.0,72.0,-16.0,28.0,28.0,0.0,347.0,426.0,145.0,175.0,149.0,223.0,316.0,398.0,97.0,96.0,15.0,10.0
Red Star,57.0,18.0,12.0,27.0,16.0,20.0,21.0,60.0,85.0,-25.0,26.0,34.0,-8.0,204.0,229.0,78.0,86.0,97.0,90.0,266.0,253.0,38.0,26.0,2.0,2.0,57.0,15.0,19.0,23.0,9.0,26.0,22.0,47.0,67.0,-20.0,16.0,31.0,-15.0,148.0,242.0,49.0,77.0,63.0,99.0,277.0,239.0,42.0,30.0,4.0,2.0
Quevilly Rouen,19.0,5.0,2.0,12.0,6.0,5.0,8.0,23.0,33.0,-10.0,8.0,10.0,-2.0,205.0,156.0,107.0,96.0,117.0,92.0,0.0,0.0,40.0,34.0,1.0,3.0,19.0,4.0,4.0,11.0,3.0,6.0,10.0,22.0,33.0,-11.0,5.0,18.0,-13.0,168.0,232.0,90.0,127.0,88.0,110.0,0.0,0.0,42.0,35.0,2.0,2.0
Beziers,19.0,3.0,9.0,7.0,2.0,14.0,3.0,13.0,19.0,-6.0,4.0,3.0,1.0,200.0,223.0,67.0,83.0,83.0,81.0,251.0,282.0,34.0,40.0,2.0,3.0,19.0,6.0,2.0,11.0,6.0,6.0,7.0,20.0,31.0,-11.0,12.0,14.0,-2.0,153.0,262.0,61.0,102.0,67.0,95.0,270.0,305.0,43.0,47.0,4.0,3.0
Chambly,6.0,1.0,3.0,2.0,0.0,6.0,0.0,2.0,5.0,-3.0,0.0,0.0,0.0,61.0,53.0,19.0,15.0,26.0,14.0,79.0,83.0,12.0,8.0,0.0,0.0,6.0,2.0,1.0,3.0,2.0,2.0,2.0,4.0,6.0,-2.0,3.0,2.0,1.0,45.0,76.0,12.0,26.0,18.0,37.0,88.0,70.0,15.0,11.0,1.0,2.0
Rodez,6.0,4.0,1.0,1.0,3.0,2.0,1.0,13.0,7.0,6.0,7.0,3.0,4.0,69.0,73.0,29.0,28.0,26.0,21.0,78.0,82.0,12.0,16.0,1.0,2.0,6.0,1.0,2.0,3.0,1.0,4.0,1.0,4.0,8.0,-4.0,2.0,2.0,0.0,64.0,89.0,14.0,29.0,27.0,29.0,74.0,85.0,10.0,12.0,0.0,1.0
Dortmund,285.0,172.0,68.0,45.0,147.0,93.0,45.0,589.0,270.0,319.0,263.0,111.0,152.0,4561.0,2565.0,1545.0,757.0,1578.0,998.0,3726.0,4290.0,332.0,576.0,18.0,28.0,287.0,117.0,83.0,87.0,99.0,109.0,79.0,466.0,396.0,70.0,200.0,177.0,23.0,3673.0,3565.0,1207.0,1056.0,1266.0,1394.0,4137.0,4081.0,439.0,474.0,17.0,21.0
Hertha,286.0,133.0,73.0,80.0,87.0,126.0,73.0,432.0,348.0,84.0,179.0,159.0,20.0,3019.0,2925.0,887.0,871.0,1183.0,1050.0,3771.0,4033.0,408.0,436.0,19.0,16.0,285.0,88.0,73.0,124.0,82.0,99.0,104.0,361.0,431.0,-70.0,155.0,192.0,-37.0,2485.0,3690.0,790.0,1092.0,901.0,1349.0,3813.0,3676.0,501.0,368.0,37.0,20.0
Cottbus,186.0,77.0,42.0,67.0,60.0,77.0,49.0,268.0,239.0,29.0,114.0,99.0,15.0,656.0,755.0,259.0,325.0,237.0,254.0,988.0,1017.0,99.0,104.0,2.0,7.0,184.0,38.0,53.0,93.0,32.0,87.0,65.0,176.0,306.0,-130.0,74.0,127.0,-53.0,477.0,994.0,201.0,413.0,152.0,351.0,1067.0,869.0,124.0,71.0,5.0,1.0
Leverkusen,287.0,150.0,69.0,68.0,109.0,113.0,65.0,554.0,345.0,209.0,245.0,162.0,83.0,4499.0,2750.0,1430.0,843.0,1649.0,1067.0,4037.0,4491.0,427.0,522.0,25.0,24.0,284.0,118.0,62.0,104.0,95.0,109.0,80.0,451.0,404.0,47.0,198.0,170.0,28.0,3587.0,3551.0,1180.0,1090.0,1216.0,1417.0,4501.0,4210.0,540.0,487.0,26.0,20.0
M'gladbach,287.0,144.0,77.0,66.0,111.0,116.0,60.0,482.0,315.0,167.0,209.0,124.0,85.0,3752.0,3339.0,1166.0,973.0,1376.0,1229.0,3660.0,4128.0,387.0,523.0,11.0,26.0,286.0,71.0,68.0,147.0,68.0,111.0,107.0,323.0,471.0,-148.0,142.0,203.0,-61.0,2729.0,3949.0,852.0,1170.0,1040.0,1440.0,3858.0,3594.0,462.0,384.0,19.0,9.0
Bayern Munich,284.0,223.0,40.0,21.0,166.0,88.0,30.0,773.0,211.0,562.0,361.0,102.0,259.0,5007.0,2320.0,1793.0,690.0,2047.0,852.0,3367.0,4192.0,305.0,471.0,10.0,22.0,287.0,170.0,64.0,53.0,119.0,114.0,54.0,545.0,266.0,279.0,223.0,120.0,103.0,4148.0,2841.0,1393.0,794.0,1581.0,1011.0,3968.0,4371.0,459.0,493.0,17.0,23.0
Nurnberg,278.0,111.0,78.0,89.0,89.0,111.0,78.0,393.0,342.0,51.0,174.0,146.0,28.0,2795.0,2202.0,804.0,673.0,1039.0,911.0,2954.0,3263.0,343.0,414.0,14.0,23.0,277.0,70.0,68.0,139.0,57.0,116.0,104.0,332.0,479.0,-147.0,130.0,225.0,-95.0,2287.0,2811.0,649.0,890.0,802.0,1182.0,3338.0,3051.0,409.0,340.0,19.0,10.0
Bochum,287.0,111.0,86.0,90.0,91.0,114.0,82.0,440.0,399.0,41.0,188.0,186.0,2.0,1905.0,2001.0,579.0,621.0,760.0,628.0,2319.0,2367.0,253.0,263.0,9.0,18.0,288.0,82.0,79.0,127.0,77.0,114.0,97.0,337.0,437.0,-100.0,161.0,195.0,-34.0,1571.0,2310.0,449.0,649.0,582.0,837.0,2378.0,2184.0,298.0,217.0,20.0,8.0
Schalke 04,287.0,157.0,66.0,64.0,121.0,112.0,54.0,494.0,294.0,200.0,222.0,119.0,103.0,4213.0,2947.0,1246.0,853.0,1594.0,1091.0,4250.0,4578.0,427.0,572.0,19.0,34.0,289.0,106.0,75.0,108.0,76.0,127.0,86.0,371.0,393.0,-22.0,167.0,178.0,-11.0,3246.0,3747.0,1019.0,1131.0,1257.0,1428.0,4827.0,4405.0,587.0,529.0,31.0,26.0
Wolfsburg,287.0,135.0,76.0,76.0,110.0,115.0,62.0,500.0,366.0,134.0,230.0,162.0,68.0,3849.0,3361.0,1266.0,1060.0,1596.0,1195.0,4421.0,4430.0,469.0,521.0,23.0,23.0,284.0,83.0,72.0,129.0,70.0,118.0,96.0,354.0,460.0,-106.0,151.0,204.0,-53.0,3138.0,3972.0,1020.0,1211.0,1196.0,1516.0,4643.0,4044.0,533.0,423.0,26.0,14.0
Stuttgart,288.0,146.0,59.0,83.0,104.0,112.0,72.0,477.0,341.0,136.0,203.0,159.0,44.0,3720.0,3126.0,1134.0,988.0,1393.0,1153.0,3991.0,4265.0,439.0,510.0,25.0,28.0,287.0,94.0,70.0,123.0,72.0,116.0,99.0,385.0,486.0,-101.0,166.0,205.0,-39.0,3221.0,3803.0,1033.0,1209.0,1153.0,1318.0,4207.0,4086.0,539.0,447.0,36.0,23.0
Kaiserslautern,263.0,116.0,76.0,71.0,93.0,104.0,66.0,385.0,269.0,116.0,162.0,120.0,42.0,1654.0,1491.0,384.0,360.0,563.0,461.0,2114.0,1988.0,207.0,225.0,13.0,10.0,234.0,62.0,66.0,106.0,55.0,106.0,73.0,276.0,375.0,-99.0,131.0,162.0,-31.0,1427.0,1913.0,326.0,420.0,508.0,703.0,2244.0,1786.0,262.0,191.0,16.0,15.0
Bielefeld,226.0,83.0,63.0,80.0,57.0,100.0,69.0,296.0,288.0,8.0,108.0,120.0,-12.0,1757.0,1508.0,463.0,426.0,667.0,543.0,1873.0,2224.0,207.0,247.0,5.0,20.0,227.0,45.0,76.0,106.0,41.0,95.0,91.0,248.0,385.0,-137.0,93.0,167.0,-74.0,1353.0,1917.0,376.0,570.0,514.0,788.0,1918.0,2069.0,215.0,211.0,7.0,7.0
Werder Bremen,285.0,140.0,68.0,77.0,112.0,115.0,58.0,537.0,381.0,156.0,237.0,162.0,75.0,4426.0,3141.0,1363.0,1029.0,1662.0,1213.0,4368.0,4699.0,435.0,569.0,17.0,17.0,286.0,97.0,74.0,115.0,69.0,116.0,101.0,452.0,488.0,-36.0,187.0,231.0,-44.0,3532.0,3737.0,1130.0,1211.0,1282.0,1480.0,4608.0,4420.0,573.0,481.0,32.0,20.0
Hamburg,288.0,133.0,69.0,86.0,99.0,120.0,69.0,410.0,335.0,75.0,177.0,132.0,45.0,3882.0,3275.0,1213.0,1039.0,1532.0,1120.0,4569.0,4728.0,488.0,557.0,21.0,36.0,286.0,85.0,73.0,128.0,76.0,112.0,98.0,343.0,468.0,-125.0,156.0,197.0,-41.0,3332.0,3991.0,999.0,1208.0,1272.0,1421.0,4960.0,4453.0,563.0,498.0,33.0,15.0
Hannover,287.0,121.0,74.0,92.0,104.0,109.0,74.0,434.0,404.0,30.0,212.0,171.0,41.0,3343.0,3133.0,1007.0,1033.0,1377.0,1150.0,4122.0,4018.0,419.0,471.0,23.0,23.0,288.0,70.0,67.0,151.0,56.0,107.0,125.0,312.0,510.0,-198.0,130.0,231.0,-101.0,2803.0,3901.0,816.0,1295.0,1058.0,1470.0,4344.0,3912.0,533.0,400.0,30.0,15.0
Munich 1860,245.0,103.0,68.0,74.0,78.0,97.0,70.0,350.0,274.0,76.0,150.0,133.0,17.0,480.0,296.0,164.0,80.0,158.0,108.0,594.0,580.0,54.0,62.0,2.0,1.0,248.0,67.0,67.0,114.0,54.0,109.0,85.0,273.0,367.0,-94.0,125.0,161.0,-36.0,312.0,352.0,101.0,115.0,137.0,162.0,650.0,566.0,66.0,61.0,4.0,4.0
Hansa Rostock,146.0,54.0,37.0,55.0,49.0,62.0,35.0,194.0,181.0,13.0,86.0,73.0,13.0,807.0,796.0,193.0,185.0,359.0,308.0,1085.0,1316.0,117.0,132.0,4.0,4.0,148.0,28.0,42.0,78.0,30.0,58.0,60.0,145.0,258.0,-113.0,68.0,115.0,-47.0,633.0,1118.0,164.0,244.0,258.0,391.0,1306.0,1249.0,149.0,106.0,3.0,3.0
Ein Frankfurt,278.0,123.0,73.0,82.0,98.0,114.0,66.0,440.0,361.0,79.0,194.0,142.0,52.0,3244.0,2871.0,1059.0,1009.0,1339.0,1044.0,3929.0,4161.0,509.0,497.0,16.0,27.0,276.0,74.0,69.0,133.0,63.0,118.0,95.0,331.0,446.0,-115.0,147.0,200.0,-53.0,2534.0,3453.0,806.0,1197.0,999.0,1315.0,3826.0,3693.0,455.0,392.0,26.0,22.0
Freiburg,280.0,133.0,68.0,79.0,89.0,120.0,71.0,436.0,361.0,75.0,177.0,157.0,20.0,2770.0,2685.0,869.0,852.0,1094.0,914.0,2941.0,3275.0,304.0,419.0,12.0,15.0,278.0,74.0,71.0,133.0,57.0,115.0,106.0,310.0,475.0,-165.0,129.0,215.0,-86.0,2094.0,3175.0,726.0,1010.0,796.0,1205.0,3247.0,3081.0,367.0,283.0,21.0,6.0
FC Koln,278.0,115.0,78.0,85.0,92.0,114.0,72.0,428.0,355.0,73.0,191.0,155.0,36.0,2778.0,2674.0,884.0,805.0,1113.0,1037.0,3211.0,3438.0,374.0,415.0,24.0,19.0,276.0,82.0,71.0,123.0,56.0,132.0,88.0,341.0,440.0,-99.0,136.0,185.0,-49.0,2129.0,3216.0,668.0,1001.0,804.0,1272.0,3376.0,3021.0,437.0,323.0,17.0,15.0
Mainz,268.0,123.0,68.0,77.0,86.0,119.0,63.0,430.0,322.0,108.0,188.0,145.0,43.0,3147.0,2650.0,929.0,851.0,1055.0,1043.0,3510.0,3672.0,374.0,451.0,14.0,25.0,268.0,71.0,70.0,127.0,59.0,115.0,94.0,310.0,428.0,-118.0,137.0,189.0,-52.0,2595.0,3413.0,789.0,1093.0,932.0,1396.0,3747.0,3455.0,401.0,365.0,19.0,9.0
Duisburg,211.0,85.0,54.0,72.0,60.0,86.0,65.0,324.0,282.0,42.0,133.0,133.0,0.0,1343.0,1133.0,445.0,366.0,427.0,382.0,1537.0,1649.0,211.0,194.0,6.0,9.0,210.0,59.0,63.0,88.0,43.0,105.0,62.0,241.0,311.0,-70.0,102.0,128.0,-26.0,983.0,1308.0,329.0,381.0,336.0,520.0,1595.0,1461.0,211.0,143.0,13.0,5.0
Aachen,142.0,68.0,32.0,42.0,63.0,45.0,34.0,245.0,196.0,49.0,118.0,71.0,47.0,246.0,300.0,146.0,160.0,84.0,96.0,343.0,361.0,36.0,41.0,1.0,0.0,142.0,42.0,40.0,60.0,37.0,62.0,43.0,174.0,194.0,-20.0,83.0,97.0,-14.0,168.0,325.0,95.0,177.0,50.0,123.0,296.0,275.0,37.0,28.0,4.0,2.0
Karlsruhe,216.0,90.0,64.0,62.0,66.0,97.0,53.0,317.0,267.0,50.0,132.0,108.0,24.0,834.0,736.0,324.0,315.0,319.0,234.0,937.0,1158.0,106.0,139.0,3.0,13.0,216.0,53.0,57.0,106.0,43.0,94.0,79.0,225.0,347.0,-122.0,101.0,162.0,-61.0,682.0,976.0,265.0,404.0,268.0,328.0,972.0,939.0,97.0,90.0,4.0,1.0
Hoffenheim,208.0,94.0,61.0,53.0,79.0,87.0,42.0,362.0,263.0,99.0,165.0,113.0,52.0,2967.0,2251.0,1032.0,813.0,962.0,851.0,3066.0,3196.0,324.0,396.0,11.0,24.0,209.0,58.0,62.0,89.0,56.0,72.0,81.0,309.0,361.0,-52.0,138.0,174.0,-36.0,2457.0,2675.0,901.0,995.0,840.0,1061.0,3414.0,3063.0,417.0,319.0,20.0,22.0
St Pauli,217.0,98.0,55.0,64.0,70.0,98.0,49.0,342.0,272.0,70.0,143.0,120.0,23.0,726.0,696.0,255.0,237.0,313.0,252.0,769.0,855.0,85.0,127.0,5.0,4.0,217.0,64.0,44.0,109.0,56.0,85.0,76.0,252.0,352.0,-100.0,106.0,143.0,-37.0,643.0,894.0,215.0,307.0,233.0,309.0,768.0,785.0,116.0,89.0,9.0,8.0
Augsburg,225.0,93.0,66.0,66.0,73.0,90.0,62.0,339.0,280.0,59.0,153.0,129.0,24.0,2205.0,1916.0,790.0,729.0,757.0,647.0,2384.0,2416.0,283.0,345.0,6.0,16.0,226.0,60.0,60.0,106.0,53.0,93.0,80.0,244.0,347.0,-103.0,110.0,162.0,-52.0,1861.0,2412.0,678.0,935.0,634.0,840.0,2553.0,2213.0,331.0,243.0,12.0,16.0
Fortuna Dusseldorf,174.0,84.0,42.0,48.0,70.0,68.0,36.0,269.0,208.0,61.0,127.0,81.0,46.0,680.0,690.0,249.0,258.0,255.0,265.0,725.0,854.0,114.0,121.0,3.0,9.0,175.0,49.0,48.0,78.0,48.0,64.0,63.0,209.0,261.0,-52.0,94.0,109.0,-15.0,647.0,887.0,241.0,311.0,217.0,309.0,791.0,861.0,123.0,112.0,3.0,6.0
Greuther Furth,267.0,131.0,59.0,77.0,100.0,109.0,58.0,429.0,317.0,112.0,190.0,130.0,60.0,1042.0,867.0,401.0,371.0,382.0,338.0,1208.0,1211.0,137.0,155.0,9.0,12.0,267.0,77.0,86.0,104.0,70.0,109.0,88.0,320.0,371.0,-51.0,136.0,163.0,-27.0,882.0,1125.0,330.0,455.0,316.0,451.0,1286.0,1145.0,177.0,114.0,5.0,5.0
Braunschweig,161.0,71.0,44.0,46.0,52.0,79.0,30.0,218.0,165.0,53.0,101.0,66.0,35.0,705.0,687.0,293.0,280.0,249.0,253.0,820.0,944.0,91.0,109.0,2.0,5.0,161.0,37.0,45.0,79.0,35.0,63.0,63.0,147.0,251.0,-104.0,63.0,112.0,-49.0,512.0,908.0,184.0,399.0,179.0,303.0,888.0,857.0,116.0,91.0,8.0,2.0
Paderborn,192.0,77.0,58.0,57.0,58.0,91.0,43.0,295.0,242.0,53.0,124.0,103.0,21.0,831.0,673.0,335.0,281.0,330.0,260.0,859.0,975.0,94.0,122.0,3.0,5.0,191.0,53.0,46.0,92.0,39.0,80.0,72.0,202.0,316.0,-114.0,77.0,126.0,-49.0,706.0,849.0,278.0,357.0,279.0,360.0,928.0,776.0,126.0,98.0,5.0,4.0
Darmstadt,90.0,36.0,26.0,28.0,27.0,36.0,27.0,122.0,109.0,13.0,50.0,48.0,2.0,805.0,948.0,260.0,312.0,318.0,387.0,1048.0,1109.0,143.0,141.0,4.0,7.0,91.0,21.0,28.0,42.0,20.0,44.0,27.0,91.0,144.0,-53.0,39.0,49.0,-10.0,796.0,1174.0,253.0,392.0,298.0,477.0,1092.0,988.0,173.0,140.0,6.0,4.0
Ingolstadt,170.0,55.0,51.0,64.0,49.0,80.0,41.0,227.0,223.0,4.0,97.0,82.0,15.0,1001.0,741.0,292.0,260.0,377.0,293.0,994.0,1081.0,125.0,126.0,5.0,2.0,170.0,46.0,53.0,71.0,41.0,79.0,50.0,176.0,242.0,-66.0,83.0,101.0,-18.0,831.0,822.0,295.0,287.0,300.0,305.0,1121.0,1084.0,169.0,134.0,11.0,11.0
RB Leipzig,89.0,53.0,21.0,15.0,43.0,30.0,16.0,168.0,90.0,78.0,85.0,40.0,45.0,853.0,524.0,316.0,202.0,281.0,221.0,696.0,708.0,77.0,127.0,3.0,7.0,90.0,38.0,24.0,28.0,24.0,40.0,26.0,128.0,104.0,24.0,48.0,48.0,0.0,700.0,632.0,269.0,214.0,297.0,250.0,796.0,754.0,114.0,109.0,7.0,5.0
Union Berlin,183.0,93.0,55.0,35.0,63.0,84.0,36.0,296.0,188.0,108.0,120.0,79.0,41.0,601.0,452.0,210.0,138.0,208.0,169.0,609.0,551.0,65.0,81.0,4.0,5.0,183.0,42.0,53.0,88.0,43.0,80.0,60.0,225.0,320.0,-95.0,95.0,127.0,-32.0,501.0,493.0,159.0,180.0,166.0,197.0,589.0,475.0,78.0,62.0,6.0,3.0
Ein Trier,24.0,13.0,7.0,4.0,11.0,8.0,5.0,39.0,26.0,13.0,22.0,12.0,10.0,0.0,0.0,0.0,0.0,0.0,0.0,0.0,0.0,0.0,0.0,0.0,0.0,24.0,5.0,6.0,13.0,3.0,9.0,12.0,28.0,43.0,-15.0,11.0,23.0,-12.0,0.0,0.0,0.0,0.0,0.0,0.0,0.0,0.0,0.0,0.0,0.0,0.0
Burghausen,58.0,17.0,23.0,18.0,17.0,20.0,21.0,77.0,78.0,-1.0,32.0,36.0,-4.0,269.0,250.0,162.0,144.0,92.0,108.0,336.0,317.0,37.0,34.0,2.0,1.0,58.0,20.0,14.0,24.0,12.0,23.0,23.0,77.0,100.0,-23.0,24.0,40.0,-16.0,229.0,290.0,125.0,167.0,75.0,122.0,338.0,320.0,33.0,29.0,0.0,0.0
Ahlen,75.0,21.0,18.0,36.0,16.0,35.0,24.0,79.0,107.0,-28.0,35.0,46.0,-11.0,0.0,0.0,0.0,0.0,0.0,0.0,0.0,0.0,0.0,0.0,0.0,0.0,75.0,16.0,18.0,41.0,12.0,33.0,30.0,67.0,123.0,-56.0,28.0,62.0,-34.0,0.0,0.0,0.0,0.0,0.0,0.0,0.0,0.0,0.0,0.0,0.0,0.0
Reutlingen,7.0,3.0,1.0,3.0,1.0,4.0,2.0,11.0,12.0,-1.0,3.0,4.0,-1.0,0.0,0.0,0.0,0.0,0.0,0.0,0.0,0.0,0.0,0.0,0.0,0.0,9.0,4.0,3.0,2.0,3.0,5.0,1.0,13.0,10.0,3.0,9.0,4.0,5.0,0.0,0.0,0.0,0.0,0.0,0.0,0.0,0.0,0.0,0.0,0.0,0.0
Mannheim,10.0,1.0,1.0,8.0,1.0,6.0,3.0,6.0,21.0,-15.0,3.0,5.0,-2.0,0.0,0.0,0.0,0.0,0.0,0.0,0.0,0.0,0.0,0.0,0.0,0.0,8.0,1.0,1.0,6.0,1.0,2.0,5.0,9.0,23.0,-14.0,4.0,10.0,-6.0,0.0,0.0,0.0,0.0,0.0,0.0,0.0,0.0,0.0,0.0,0.0,0.0
Lubeck,8.0,4.0,2.0,2.0,2.0,3.0,3.0,15.0,8.0,7.0,3.0,4.0,-1.0,0.0,0.0,0.0,0.0,0.0,0.0,0.0,0.0,0.0,0.0,0.0,0.0,9.0,3.0,0.0,6.0,2.0,2.0,5.0,12.0,15.0,-3.0,5.0,6.0,-1.0,0.0,0.0,0.0,0.0,0.0,0.0,0.0,0.0,0.0,0.0,0.0,0.0
Oberhausen,74.0,35.0,13.0,26.0,16.0,35.0,23.0,88.0,92.0,-4.0,34.0,48.0,-14.0,0.0,0.0,0.0,0.0,0.0,0.0,0.0,0.0,0.0,0.0,0.0,0.0,75.0,9.0,20.0,46.0,15.0,27.0,33.0,70.0,159.0,-89.0,34.0,70.0,-36.0,0.0,0.0,0.0,0.0,0.0,0.0,0.0,0.0,0.0,0.0,0.0,0.0
Osnabruck,58.0,22.0,19.0,17.0,19.0,23.0,16.0,84.0,72.0,12.0,37.0,35.0,2.0,88.0,68.0,27.0,20.0,29.0,38.0,93.0,93.0,15.0,17.0,2.0,1.0,57.0,8.0,13.0,36.0,8.0,23.0,26.0,52.0,115.0,-63.0,18.0,50.0,-32.0,52.0,86.0,13.0,25.0,11.0,33.0,52.0,76.0,11.0,13.0,0.0,1.0
Erzgebirge Aue,208.0,92.0,60.0,56.0,67.0,96.0,45.0,284.0,227.0,57.0,131.0,98.0,33.0,766.0,706.0,317.0,250.0,286.0,284.0,893.0,892.0,125.0,128.0,5.0,10.0,209.0,44.0,46.0,119.0,37.0,82.0,90.0,212.0,357.0,-145.0,92.0,169.0,-77.0,619.0,855.0,284.0,327.0,210.0,340.0,951.0,832.0,137.0,107.0,9.0,4.0
Regensburg,57.0,20.0,12.0,25.0,17.0,18.0,22.0,77.0,92.0,-15.0,36.0,41.0,-5.0,643.0,482.0,188.0,162.0,237.0,173.0,592.0,558.0,90.0,86.0,3.0,9.0,58.0,15.0,18.0,25.0,14.0,32.0,12.0,87.0,95.0,-8.0,40.0,33.0,7.0,573.0,589.0,200.0,207.0,216.0,220.0,654.0,539.0,101.0,74.0,1.0,3.0
Unterhaching,49.0,24.0,9.0,16.0,16.0,20.0,13.0,68.0,45.0,23.0,32.0,23.0,9.0,210.0,229.0,121.0,122.0,107.0,91.0,330.0,325.0,39.0,35.0,2.0,1.0,50.0,8.0,8.0,34.0,8.0,17.0,25.0,46.0,97.0,-51.0,26.0,49.0,-23.0,183.0,276.0,95.0,156.0,74.0,112.0,370.0,315.0,42.0,28.0,2.0,2.0
Dresden,140.0,58.0,40.0,42.0,43.0,60.0,37.0,206.0,181.0,25.0,91.0,78.0,13.0,551.0,493.0,179.0,171.0,201.0,169.0,515.0,596.0,64.0,92.0,3.0,4.0,139.0,28.0,39.0,72.0,32.0,60.0,47.0,143.0,234.0,-91.0,74.0,93.0,-19.0,462.0,546.0,133.0,185.0,172.0,198.0,574.0,544.0,96.0,83.0,4.0,0.0
Essen,32.0,10.0,14.0,8.0,14.0,15.0,3.0,46.0,41.0,5.0,25.0,13.0,12.0,213.0,201.0,120.0,111.0,101.0,81.0,327.0,375.0,36.0,34.0,3.0,0.0,32.0,4.0,11.0,17.0,4.0,17.0,11.0,22.0,44.0,-22.0,8.0,17.0,-9.0,189.0,241.0,102.0,127.0,77.0,106.0,305.0,368.0,31.0,40.0,2.0,0.0
Saarbrucken,32.0,13.0,7.0,12.0,12.0,14.0,6.0,49.0,47.0,2.0,25.0,17.0,8.0,0.0,0.0,0.0,0.0,0.0,0.0,0.0,0.0,0.0,0.0,0.0,0.0,32.0,8.0,4.0,20.0,6.0,3.0,23.0,28.0,60.0,-32.0,10.0,37.0,-27.0,0.0,0.0,0.0,0.0,0.0,0.0,0.0,0.0,0.0,0.0,0.0,0.0
Erfurt,16.0,5.0,7.0,4.0,4.0,9.0,3.0,19.0,18.0,1.0,9.0,10.0,-1.0,0.0,0.0,0.0,0.0,0.0,0.0,0.0,0.0,0.0,0.0,0.0,0.0,15.0,3.0,2.0,10.0,1.0,4.0,10.0,16.0,35.0,-19.0,2.0,20.0,-18.0,0.0,0.0,0.0,0.0,0.0,0.0,0.0,0.0,0.0,0.0,0.0,0.0
Offenbach,51.0,19.0,16.0,16.0,17.0,22.0,12.0,73.0,77.0,-4.0,32.0,33.0,-1.0,216.0,200.0,119.0,118.0,100.0,79.0,324.0,354.0,30.0,43.0,0.0,1.0,51.0,11.0,11.0,29.0,13.0,17.0,21.0,49.0,95.0,-46.0,22.0,34.0,-12.0,139.0,243.0,75.0,150.0,57.0,82.0,334.0,331.0,30.0,30.0,3.0,1.0
Siegen,17.0,5.0,5.0,7.0,4.0,8.0,5.0,24.0,27.0,-3.0,10.0,11.0,-1.0,0.0,0.0,0.0,0.0,0.0,0.0,0.0,0.0,0.0,0.0,0.0,0.0,17.0,3.0,2.0,12.0,3.0,5.0,9.0,11.0,27.0,-16.0,4.0,14.0,-10.0,0.0,0.0,0.0,0.0,0.0,0.0,0.0,0.0,0.0,0.0,0.0,0.0
CZ Jena,34.0,10.0,9.0,15.0,11.0,9.0,14.0,46.0,51.0,-5.0,23.0,21.0,2.0,260.0,188.0,153.0,122.0,124.0,73.0,347.0,365.0,40.0,36.0,3.0,5.0,34.0,5.0,13.0,16.0,5.0,12.0,17.0,39.0,73.0,-34.0,12.0,38.0,-26.0,198.0,264.0,108.0,153.0,61.0,100.0,401.0,375.0,41.0,34.0,1.0,2.0
Koblenz,68.0,26.0,25.0,17.0,20.0,33.0,15.0,92.0,81.0,11.0,45.0,36.0,9.0,259.0,165.0,145.0,91.0,101.0,57.0,359.0,366.0,41.0,32.0,0.0,1.0,68.0,15.0,12.0,41.0,14.0,28.0,26.0,72.0,128.0,-56.0,34.0,51.0,-17.0,200.0,255.0,109.0,147.0,50.0,108.0,420.0,365.0,43.0,28.0,5.0,0.0
Wehen,40.0,11.0,13.0,16.0,13.0,13.0,14.0,50.0,60.0,-10.0,24.0,26.0,-2.0,76.0,61.0,24.0,28.0,30.0,25.0,80.0,61.0,14.0,9.0,1.0,0.0,39.0,7.0,13.0,19.0,8.0,14.0,17.0,38.0,66.0,-28.0,20.0,32.0,-12.0,59.0,96.0,20.0,28.0,20.0,27.0,69.0,57.0,12.0,14.0,1.0,2.0
Kaiserslautern ,1.0,1.0,0.0,0.0,0.0,1.0,0.0,2.0,0.0,2.0,0.0,0.0,0.0,0.0,0.0,0.0,0.0,0.0,0.0,0.0,0.0,0.0,0.0,0.0,0.0,32.0,7.0,9.0,16.0,3.0,19.0,10.0,31.0,49.0,-18.0,12.0,22.0,-10.0,0.0,0.0,0.0,0.0,0.0,0.0,0.0,0.0,0.0,0.0,0.0,0.0
Frankfurt FSV,136.0,48.0,40.0,48.0,37.0,61.0,38.0,171.0,188.0,-17.0,75.0,78.0,-3.0,0.0,0.0,0.0,0.0,0.0,0.0,0.0,0.0,0.0,0.0,0.0,0.0,136.0,33.0,32.0,71.0,31.0,56.0,49.0,152.0,230.0,-78.0,61.0,95.0,-34.0,0.0,0.0,0.0,0.0,0.0,0.0,0.0,0.0,0.0,0.0,0.0,0.0
St. Pauli,0.0,0.0,0.0,0.0,0.0,0.0,0.0,0.0,0.0,0.0,0.0,0.0,0.0,0.0,0.0,0.0,0.0,0.0,0.0,0.0,0.0,0.0,0.0,0.0,0.0,1.0,1.0,0.0,0.0,0.0,1.0,0.0,1.0,0.0,1.0,0.0,0.0,0.0,0.0,0.0,0.0,0.0,0.0,0.0,0.0,0.0,0.0,0.0,0.0,0.0
Aalen,51.0,18.0,16.0,17.0,14.0,24.0,13.0,68.0,54.0,14.0,23.0,22.0,1.0,0.0,0.0,0.0,0.0,0.0,0.0,0.0,0.0,0.0,0.0,0.0,0.0,51.0,12.0,17.0,22.0,9.0,23.0,19.0,42.0,70.0,-28.0,14.0,31.0,-17.0,0.0,0.0,0.0,0.0,0.0,0.0,0.0,0.0,0.0,0.0,0.0,0.0
Sandhausen,125.0,42.0,42.0,41.0,29.0,71.0,25.0,137.0,139.0,-2.0,59.0,55.0,4.0,524.0,454.0,159.0,152.0,202.0,188.0,599.0,589.0,85.0,101.0,3.0,5.0,124.0,31.0,30.0,63.0,27.0,54.0,43.0,133.0,181.0,-48.0,51.0,73.0,-22.0,436.0,543.0,137.0,170.0,162.0,216.0,615.0,505.0,81.0,67.0,1.0,0.0
Heidenheim,91.0,42.0,22.0,27.0,25.0,42.0,24.0,149.0,115.0,34.0,56.0,46.0,10.0,565.0,600.0,205.0,207.0,233.0,196.0,512.0,525.0,53.0,100.0,2.0,6.0,90.0,23.0,33.0,34.0,19.0,42.0,29.0,106.0,122.0,-16.0,44.0,52.0,-8.0,470.0,605.0,140.0,182.0,192.0,223.0,581.0,510.0,88.0,71.0,3.0,5.0
Wurzburger Kickers,17.0,4.0,8.0,5.0,5.0,10.0,2.0,14.0,14.0,0.0,8.0,4.0,4.0,0.0,0.0,0.0,0.0,0.0,0.0,0.0,0.0,0.0,0.0,0.0,0.0,17.0,3.0,5.0,9.0,4.0,6.0,7.0,18.0,27.0,-9.0,4.0,9.0,-5.0,0.0,0.0,0.0,0.0,0.0,0.0,0.0,0.0,0.0,0.0,0.0,0.0
Holstein Kiel,40.0,18.0,14.0,8.0,14.0,15.0,11.0,77.0,50.0,27.0,35.0,27.0,8.0,550.0,512.0,187.0,185.0,242.0,190.0,525.0,559.0,72.0,85.0,6.0,1.0,39.0,13.0,12.0,14.0,10.0,20.0,9.0,67.0,60.0,7.0,30.0,28.0,2.0,528.0,515.0,190.0,192.0,248.0,182.0,521.0,503.0,81.0,77.0,3.0,4.0
Magdeburg,17.0,2.0,10.0,5.0,4.0,10.0,3.0,16.0,19.0,-3.0,9.0,9.0,0.0,219.0,182.0,74.0,59.0,90.0,64.0,199.0,246.0,37.0,48.0,0.0,2.0,17.0,4.0,3.0,10.0,2.0,7.0,8.0,19.0,34.0,-15.0,6.0,13.0,-7.0,204.0,209.0,70.0,86.0,89.0,60.0,205.0,234.0,37.0,35.0,2.0,2.0
Bologna,319.0,134.0,85.0,100.0,106.0,141.0,72.0,423.0,355.0,68.0,194.0,146.0,48.0,2322.0,2277.0,819.0,827.0,1003.0,1000.0,3004.0,3177.0,432.0,481.0,24.0,37.0,322.0,71.0,105.0,146.0,53.0,172.0,97.0,298.0,448.0,-150.0,138.0,203.0,-65.0,1971.0,3018.0,661.0,1070.0,795.0,1284.0,3012.0,2971.0,499.0,362.0,31.0,23.0
Roma,312.0,197.0,68.0,47.0,155.0,113.0,44.0,639.0,318.0,321.0,297.0,123.0,174.0,4613.0,2949.0,1744.0,1018.0,1895.0,1308.0,3766.0,4116.0,488.0,649.0,32.0,49.0,312.0,135.0,87.0,90.0,109.0,125.0,78.0,471.0,386.0,85.0,209.0,163.0,46.0,3814.0,3418.0,1412.0,1197.0,1456.0,1425.0,3909.0,4317.0,638.0,666.0,48.0,48.0
Como,53.0,9.0,21.0,23.0,10.0,24.0,19.0,54.0,81.0,-27.0,22.0,38.0,-16.0,0.0,0.0,0.0,0.0,0.0,0.0,0.0,0.0,0.0,0.0,0.0,0.0,51.0,4.0,16.0,31.0,5.0,24.0,22.0,34.0,85.0,-51.0,11.0,39.0,-28.0,0.0,0.0,0.0,0.0,0.0,0.0,0.0,0.0,0.0,0.0,0.0,0.0
Empoli,317.0,138.0,103.0,76.0,107.0,136.0,74.0,473.0,362.0,111.0,218.0,170.0,48.0,1876.0,1743.0,734.0,694.0,829.0,719.0,2497.0,2752.0,300.0,383.0,14.0,23.0,316.0,78.0,84.0,154.0,59.0,145.0,112.0,319.0,464.0,-145.0,142.0,209.0,-67.0,1556.0,2183.0,595.0,897.0,652.0,909.0,2406.0,2570.0,329.0,319.0,17.0,25.0
Inter,315.0,198.0,73.0,44.0,140.0,130.0,45.0,611.0,299.0,312.0,268.0,127.0,141.0,4361.0,2902.0,1634.0,1015.0,1903.0,1119.0,3814.0,3868.0,486.0,615.0,26.0,46.0,313.0,146.0,80.0,87.0,104.0,135.0,74.0,474.0,350.0,124.0,196.0,150.0,46.0,3583.0,3373.0,1336.0,1192.0,1514.0,1419.0,3991.0,4039.0,598.0,650.0,40.0,38.0
Torino,313.0,139.0,91.0,83.0,101.0,140.0,72.0,429.0,335.0,94.0,183.0,143.0,40.0,2631.0,2180.0,951.0,796.0,1073.0,885.0,3188.0,3025.0,403.0,472.0,20.0,40.0,315.0,77.0,111.0,127.0,61.0,147.0,107.0,338.0,424.0,-86.0,122.0,182.0,-60.0,2110.0,2724.0,749.0,946.0,860.0,1211.0,3364.0,3026.0,523.0,418.0,30.0,21.0
Modena,263.0,109.0,90.0,64.0,74.0,121.0,68.0,335.0,254.0,81.0,132.0,115.0,17.0,0.0,0.0,0.0,0.0,0.0,0.0,0.0,0.0,0.0,0.0,0.0,0.0,263.0,48.0,91.0,124.0,54.0,126.0,83.0,252.0,389.0,-137.0,121.0,164.0,-43.0,0.0,0.0,0.0,0.0,0.0,0.0,0.0,0.0,0.0,0.0,0.0,0.0
Milan,312.0,195.0,67.0,50.0,136.0,130.0,46.0,567.0,269.0,298.0,246.0,122.0,124.0,4352.0,2860.0,1622.0,989.0,1811.0,1072.0,3978.0,4068.0,476.0,639.0,34.0,38.0,313.0,133.0,90.0,90.0,103.0,142.0,68.0,467.0,354.0,113.0,200.0,152.0,48.0,3490.0,3454.0,1350.0,1232.0,1434.0,1438.0,4071.0,4309.0,610.0,623.0,56.0,36.0
Brescia,335.0,152.0,104.0,79.0,119.0,152.0,64.0,488.0,344.0,144.0,227.0,151.0,76.0,775.0,658.0,276.0,247.0,331.0,292.0,985.0,946.0,139.0,140.0,7.0,5.0,338.0,86.0,108.0,144.0,76.0,159.0,103.0,369.0,491.0,-122.0,171.0,215.0,-44.0,647.0,858.0,246.0,296.0,265.0,379.0,1030.0,1028.0,162.0,124.0,6.0,7.0
Piacenza,158.0,71.0,41.0,46.0,49.0,81.0,28.0,229.0,183.0,46.0,103.0,70.0,33.0,0.0,0.0,0.0,0.0,0.0,0.0,0.0,0.0,0.0,0.0,0.0,0.0,164.0,35.0,51.0,78.0,33.0,82.0,49.0,150.0,226.0,-76.0,67.0,95.0,-28.0,0.0,0.0,0.0,0.0,0.0,0.0,0.0,0.0,0.0,0.0,0.0,0.0
Juventus,317.0,235.0,56.0,26.0,174.0,117.0,26.0,675.0,235.0,440.0,319.0,96.0,223.0,4247.0,2172.0,1608.0,703.0,1650.0,951.0,3761.0,3829.0,419.0,570.0,19.0,46.0,317.0,182.0,80.0,55.0,115.0,147.0,55.0,519.0,278.0,241.0,223.0,127.0,96.0,3394.0,2683.0,1238.0,895.0,1319.0,1149.0,4003.0,4088.0,571.0,595.0,27.0,32.0
Atalanta,318.0,151.0,93.0,74.0,97.0,152.0,69.0,476.0,331.0,145.0,197.0,148.0,49.0,3212.0,2458.0,1168.0,825.0,1296.0,1043.0,3597.0,3866.0,529.0,571.0,31.0,43.0,321.0,86.0,94.0,141.0,69.0,151.0,101.0,355.0,445.0,-90.0,167.0,199.0,-32.0,2646.0,3186.0,961.0,1177.0,1069.0,1344.0,3750.0,3796.0,567.0,490.0,52.0,20.0
Lazio,312.0,159.0,79.0,74.0,132.0,124.0,56.0,530.0,324.0,206.0,241.0,128.0,113.0,4006.0,2634.0,1519.0,974.0,1677.0,1136.0,4212.0,4197.0,548.0,611.0,40.0,45.0,316.0,114.0,83.0,119.0,91.0,137.0,88.0,425.0,436.0,-11.0,205.0,209.0,-4.0,3262.0,3352.0,1230.0,1265.0,1285.0,1396.0,4388.0,4225.0,657.0,591.0,66.0,40.0
Chievo,315.0,111.0,106.0,98.0,78.0,163.0,74.0,372.0,343.0,29.0,163.0,158.0,5.0,2886.0,2945.0,1051.0,1013.0,1248.0,1263.0,4227.0,3945.0,569.0,527.0,30.0,41.0,316.0,82.0,80.0,154.0,48.0,154.0,114.0,307.0,471.0,-164.0,120.0,229.0,-109.0,2452.0,3740.0,835.0,1335.0,1022.0,1636.0,4288.0,3791.0,621.0,488.0,36.0,39.0
Perugia,138.0,64.0,44.0,30.0,49.0,62.0,27.0,185.0,128.0,57.0,87.0,54.0,33.0,530.0,432.0,212.0,179.0,213.0,239.0,646.0,662.0,84.0,101.0,6.0,3.0,139.0,35.0,51.0,53.0,27.0,58.0,54.0,154.0,189.0,-35.0,61.0,92.0,-31.0,462.0,498.0,180.0,188.0,167.0,219.0,726.0,659.0,98.0,100.0,8.0,7.0
Reggina,223.0,81.0,73.0,69.0,61.0,108.0,54.0,280.0,268.0,12.0,132.0,113.0,19.0,863.0,911.0,342.0,315.0,393.0,336.0,1378.0,1557.0,176.0,197.0,11.0,16.0,226.0,40.0,71.0,115.0,35.0,100.0,91.0,204.0,361.0,-157.0,82.0,165.0,-83.0,710.0,1224.0,260.0,469.0,320.0,440.0,1423.0,1550.0,185.0,154.0,11.0,8.0
Udinese,312.0,143.0,79.0,90.0,114.0,134.0,64.0,443.0,354.0,89.0,214.0,154.0,60.0,3678.0,3153.0,1349.0,1087.0,1441.0,1290.0,4130.0,4376.0,563.0,689.0,39.0,38.0,311.0,84.0,75.0,152.0,65.0,144.0,102.0,353.0,484.0,-131.0,162.0,202.0,-40.0,3014.0,3937.0,1057.0,1404.0,1215.0,1568.0,4255.0,4087.0,616.0,526.0,40.0,37.0
Parma,280.0,128.0,86.0,66.0,96.0,133.0,51.0,406.0,292.0,114.0,182.0,128.0,54.0,2664.0,2513.0,996.0,941.0,1123.0,1025.0,3841.0,3548.0,505.0,515.0,31.0,38.0,277.0,59.0,83.0,135.0,63.0,109.0,105.0,306.0,466.0,-160.0,140.0,203.0,-63.0,2208.0,2893.0,772.0,1189.0,932.0,1224.0,3675.0,3133.0,511.0,395.0,30.0,24.0
Sampdoria,305.0,140.0,88.0,77.0,91.0,155.0,59.0,453.0,316.0,137.0,184.0,127.0,57.0,3275.0,2920.0,1230.0,1004.0,1460.0,1236.0,4051.0,4642.0,562.0,687.0,28.0,42.0,307.0,72.0,87.0,148.0,67.0,125.0,115.0,311.0,466.0,-155.0,139.0,209.0,-70.0,2598.0,3604.0,955.0,1361.0,1118.0,1550.0,3989.0,4258.0,594.0,527.0,48.0,33.0
Lecce,197.0,82.0,60.0,55.0,56.0,103.0,38.0,283.0,235.0,48.0,126.0,99.0,27.0,1199.0,1167.0,468.0,464.0,512.0,464.0,1729.0,1566.0,225.0,227.0,20.0,11.0,194.0,51.0,55.0,88.0,47.0,79.0,68.0,240.0,317.0,-77.0,102.0,140.0,-38.0,1067.0,1414.0,392.0,551.0,420.0,663.0,1720.0,1503.0,249.0,194.0,22.0,13.0
Siena,209.0,84.0,64.0,61.0,57.0,109.0,43.0,261.0,218.0,43.0,117.0,94.0,23.0,1564.0,1472.0,557.0,554.0,707.0,639.0,2324.0,2171.0,274.0,258.0,15.0,23.0,208.0,40.0,73.0,95.0,35.0,86.0,87.0,208.0,303.0,-95.0,84.0,153.0,-69.0,1371.0,1738.0,522.0,683.0,587.0,775.0,2510.0,2176.0,316.0,246.0,22.0,15.0
Ancona,63.0,29.0,17.0,17.0,23.0,26.0,14.0,99.0,79.0,20.0,47.0,40.0,7.0,0.0,0.0,0.0,0.0,0.0,0.0,0.0,0.0,0.0,0.0,0.0,0.0,60.0,10.0,11.0,39.0,8.0,27.0,25.0,52.0,107.0,-55.0,25.0,48.0,-23.0,0.0,0.0,0.0,0.0,0.0,0.0,0.0,0.0,0.0,0.0,0.0,0.0
Livorno,281.0,103.0,94.0,84.0,83.0,133.0,65.0,375.0,320.0,55.0,167.0,134.0,33.0,1465.0,1375.0,522.0,526.0,621.0,529.0,2079.0,2139.0,276.0,275.0,13.0,30.0,280.0,64.0,82.0,134.0,55.0,132.0,93.0,297.0,428.0,-131.0,123.0,170.0,-47.0,1113.0,1678.0,398.0,693.0,460.0,706.0,1973.0,1936.0,260.0,221.0,22.0,9.0
Cagliari,309.0,136.0,87.0,86.0,118.0,119.0,72.0,436.0,359.0,77.0,210.0,144.0,66.0,3079.0,2961.0,1145.0,1082.0,1290.0,1192.0,4049.0,4287.0,559.0,603.0,38.0,45.0,310.0,61.0,84.0,165.0,48.0,132.0,130.0,309.0,514.0,-205.0,124.0,246.0,-122.0,2519.0,3547.0,846.0,1348.0,1069.0,1509.0,4110.0,4168.0,628.0,513.0,44.0,29.0
Palermo,307.0,151.0,80.0,76.0,133.0,118.0,56.0,490.0,361.0,129.0,240.0,150.0,90.0,3513.0,3211.0,1285.0,1141.0,1362.0,1212.0,4021.0,3962.0,550.0,587.0,32.0,38.0,304.0,76.0,98.0,130.0,73.0,131.0,100.0,333.0,456.0,-123.0,150.0,195.0,-45.0,2762.0,3517.0,986.0,1248.0,1097.0,1435.0,4050.0,3918.0,561.0,478.0,46.0,19.0
Messina,95.0,38.0,35.0,22.0,30.0,43.0,22.0,129.0,112.0,17.0,56.0,47.0,9.0,372.0,382.0,178.0,177.0,199.0,182.0,664.0,603.0,101.0,86.0,8.0,7.0,95.0,11.0,24.0,60.0,14.0,39.0,42.0,73.0,164.0,-91.0,33.0,75.0,-42.0,315.0,537.0,142.0,264.0,120.0,235.0,733.0,621.0,102.0,71.0,16.0,4.0
Fiorentina,300.0,163.0,78.0,59.0,125.0,117.0,58.0,507.0,302.0,205.0,220.0,128.0,92.0,4409.0,2663.0,1546.0,969.0,1713.0,1142.0,4311.0,4490.0,523.0,705.0,28.0,52.0,300.0,94.0,88.0,118.0,75.0,129.0,96.0,366.0,385.0,-19.0,162.0,182.0,-20.0,3530.0,3341.0,1256.0,1271.0,1350.0,1408.0,4440.0,4340.0,667.0,630.0,31.0,37.0
Ascoli,277.0,108.0,87.0,82.0,79.0,138.0,60.0,370.0,335.0,35.0,167.0,142.0,25.0,844.0,754.0,365.0,333.0,369.0,381.0,1450.0,1485.0,215.0,209.0,15.0,25.0,272.0,53.0,82.0,137.0,52.0,119.0,101.0,244.0,403.0,-159.0,116.0,187.0,-71.0,782.0,999.0,319.0,457.0,333.0,440.0,1354.0,1398.0,176.0,161.0,18.0,14.0
Treviso,99.0,34.0,28.0,37.0,20.0,47.0,32.0,114.0,115.0,-1.0,52.0,66.0,-14.0,164.0,162.0,74.0,81.0,85.0,84.0,366.0,349.0,41.0,37.0,0.0,4.0,99.0,9.0,41.0,49.0,12.0,51.0,36.0,66.0,134.0,-68.0,37.0,62.0,-25.0,135.0,195.0,61.0,94.0,65.0,99.0,429.0,362.0,44.0,34.0,5.0,2.0
Catania,220.0,109.0,60.0,51.0,74.0,104.0,42.0,316.0,217.0,99.0,127.0,81.0,46.0,2080.0,1867.0,692.0,596.0,849.0,667.0,2760.0,2773.0,329.0,397.0,24.0,29.0,221.0,28.0,69.0,124.0,38.0,91.0,92.0,197.0,377.0,-180.0,83.0,159.0,-76.0,1654.0,2453.0,508.0,917.0,644.0,962.0,2795.0,2679.0,351.0,295.0,31.0,14.0
Genoa,280.0,130.0,77.0,73.0,86.0,132.0,62.0,430.0,328.0,102.0,181.0,152.0,29.0,3103.0,2794.0,1125.0,1004.0,1380.0,1059.0,3805.0,3711.0,552.0,613.0,44.0,47.0,282.0,58.0,76.0,148.0,41.0,130.0,111.0,267.0,437.0,-170.0,95.0,197.0,-102.0,2441.0,3392.0,823.0,1174.0,1084.0,1312.0,4043.0,3505.0,551.0,486.0,44.0,25.0
Napoli,274.0,167.0,74.0,33.0,120.0,117.0,37.0,512.0,238.0,274.0,228.0,98.0,130.0,3888.0,2246.0,1555.0,763.0,1588.0,906.0,3044.0,3313.0,431.0,553.0,15.0,37.0,277.0,113.0,74.0,90.0,76.0,137.0,64.0,407.0,339.0,68.0,166.0,145.0,21.0,3046.0,2797.0,1116.0,929.0,1226.0,1086.0,3319.0,3566.0,534.0,564.0,37.0,33.0
Bari,296.0,133.0,91.0,72.0,97.0,130.0,69.0,389.0,278.0,111.0,164.0,121.0,43.0,682.0,652.0,247.0,222.0,284.0,270.0,893.0,878.0,90.0,120.0,6.0,8.0,296.0,70.0,94.0,132.0,62.0,145.0,89.0,295.0,404.0,-109.0,138.0,182.0,-44.0,601.0,848.0,228.0,302.0,221.0,379.0,886.0,873.0,125.0,134.0,8.0,8.0
Cesena,251.0,102.0,86.0,63.0,84.0,127.0,40.0,333.0,263.0,70.0,161.0,103.0,58.0,950.0,1005.0,304.0,331.0,395.0,417.0,1206.0,1174.0,183.0,143.0,9.0,9.0,249.0,46.0,77.0,126.0,46.0,112.0,91.0,235.0,388.0,-153.0,103.0,177.0,-74.0,727.0,1268.0,244.0,447.0,307.0,539.0,1226.0,1128.0,183.0,158.0,18.0,2.0
Novara,145.0,62.0,46.0,37.0,48.0,63.0,34.0,200.0,147.0,53.0,83.0,64.0,19.0,525.0,486.0,170.0,170.0,216.0,166.0,624.0,686.0,86.0,88.0,6.0,3.0,145.0,36.0,40.0,69.0,34.0,63.0,48.0,158.0,197.0,-39.0,68.0,85.0,-17.0,387.0,582.0,141.0,210.0,170.0,261.0,652.0,630.0,96.0,79.0,6.0,3.0
Pescara,247.0,99.0,62.0,86.0,62.0,114.0,71.0,332.0,321.0,11.0,124.0,147.0,-23.0,976.0,1105.0,330.0,398.0,417.0,405.0,1265.0,1184.0,197.0,159.0,8.0,11.0,243.0,55.0,65.0,123.0,48.0,107.0,88.0,281.0,407.0,-126.0,108.0,165.0,-57.0,777.0,1233.0,282.0,472.0,351.0,467.0,1209.0,1150.0,194.0,143.0,12.0,8.0
Verona,228.0,95.0,68.0,65.0,70.0,94.0,64.0,310.0,268.0,42.0,139.0,125.0,14.0,1184.0,1384.0,416.0,501.0,550.0,524.0,1401.0,1408.0,214.0,253.0,16.0,15.0,230.0,61.0,72.0,97.0,49.0,104.0,77.0,249.0,329.0,-80.0,115.0,165.0,-50.0,1028.0,1639.0,344.0,571.0,406.0,631.0,1402.0,1362.0,247.0,184.0,17.0,9.0
Sassuolo,223.0,92.0,68.0,63.0,63.0,101.0,59.0,302.0,264.0,38.0,136.0,131.0,5.0,1503.0,1378.0,545.0,528.0,675.0,619.0,1726.0,1948.0,290.0,274.0,16.0,24.0,223.0,74.0,64.0,85.0,57.0,101.0,65.0,288.0,314.0,-26.0,137.0,148.0,-11.0,1318.0,1613.0,472.0,614.0,531.0,794.0,1677.0,1839.0,285.0,251.0,22.0,17.0
Frosinone,210.0,92.0,63.0,55.0,72.0,97.0,41.0,290.0,249.0,41.0,135.0,101.0,34.0,787.0,766.0,295.0,312.0,355.0,299.0,982.0,1022.0,147.0,154.0,6.0,10.0,211.0,46.0,56.0,109.0,44.0,81.0,86.0,217.0,351.0,-134.0,94.0,157.0,-63.0,634.0,946.0,220.0,363.0,300.0,384.0,976.0,1020.0,167.0,131.0,8.0,5.0
Carpi,121.0,44.0,43.0,34.0,38.0,56.0,27.0,145.0,129.0,16.0,72.0,56.0,16.0,631.0,692.0,227.0,248.0,239.0,343.0,993.0,849.0,129.0,134.0,8.0,7.0,121.0,38.0,31.0,52.0,25.0,54.0,42.0,113.0,158.0,-45.0,51.0,79.0,-28.0,507.0,792.0,169.0,294.0,237.0,371.0,999.0,784.0,140.0,103.0,7.0,9.0
Crotone,254.0,118.0,74.0,62.0,92.0,110.0,52.0,363.0,261.0,102.0,175.0,118.0,57.0,747.0,765.0,265.0,276.0,299.0,332.0,868.0,803.0,109.0,126.0,6.0,10.0,254.0,55.0,66.0,133.0,52.0,99.0,103.0,234.0,389.0,-155.0,103.0,179.0,-76.0,587.0,908.0,195.0,334.0,249.0,402.0,872.0,807.0,138.0,114.0,11.0,6.0
Spal,64.0,26.0,21.0,17.0,19.0,29.0,16.0,89.0,81.0,8.0,39.0,37.0,2.0,422.0,493.0,167.0,215.0,225.0,224.0,549.0,704.0,127.0,111.0,5.0,3.0,63.0,17.0,15.0,31.0,17.0,23.0,23.0,67.0,89.0,-22.0,34.0,41.0,-7.0,355.0,605.0,143.0,264.0,194.0,273.0,522.0,662.0,116.0,96.0,3.0,5.0
Benevento,62.0,31.0,12.0,19.0,18.0,30.0,14.0,98.0,80.0,18.0,37.0,34.0,3.0,630.0,456.0,240.0,180.0,235.0,169.0,569.0,618.0,89.0,104.0,5.0,6.0,63.0,15.0,15.0,33.0,9.0,34.0,20.0,63.0,98.0,-35.0,25.0,44.0,-19.0,466.0,548.0,143.0,194.0,172.0,221.0,632.0,633.0,100.0,98.0,9.0,3.0
Cosenza,30.0,9.0,13.0,8.0,10.0,14.0,6.0,29.0,28.0,1.0,14.0,9.0,5.0,280.0,199.0,101.0,61.0,121.0,73.0,350.0,336.0,44.0,55.0,2.0,5.0,30.0,7.0,7.0,16.0,5.0,16.0,9.0,23.0,42.0,-19.0,9.0,13.0,-4.0,227.0,241.0,74.0,89.0,114.0,89.0,326.0,346.0,54.0,48.0,5.0,2.0
Vicenza,257.0,85.0,94.0,78.0,57.0,132.0,68.0,282.0,264.0,18.0,117.0,130.0,-13.0,0.0,0.0,0.0,0.0,0.0,0.0,0.0,0.0,0.0,0.0,0.0,0.0,259.0,64.0,74.0,121.0,53.0,125.0,81.0,234.0,353.0,-119.0,111.0,152.0,-41.0,0.0,0.0,0.0,0.0,0.0,0.0,0.0,0.0,0.0,0.0,0.0,0.0
Salernitana,155.0,55.0,47.0,53.0,37.0,73.0,45.0,193.0,190.0,3.0,84.0,98.0,-14.0,482.0,471.0,184.0,188.0,223.0,209.0,687.0,688.0,92.0,93.0,4.0,10.0,151.0,22.0,49.0,80.0,19.0,69.0,63.0,123.0,238.0,-115.0,49.0,108.0,-59.0,386.0,508.0,147.0,210.0,183.0,223.0,673.0,682.0,117.0,98.0,6.0,5.0
Ternana,175.0,64.0,61.0,50.0,54.0,86.0,35.0,214.0,184.0,30.0,113.0,83.0,30.0,214.0,165.0,86.0,76.0,120.0,93.0,347.0,303.0,36.0,37.0,1.0,4.0,173.0,36.0,53.0,84.0,28.0,76.0,69.0,174.0,257.0,-83.0,73.0,129.0,-56.0,212.0,268.0,84.0,116.0,107.0,109.0,307.0,289.0,45.0,33.0,4.0,2.0
Triestina,151.0,62.0,46.0,43.0,43.0,70.0,38.0,184.0,147.0,37.0,73.0,67.0,6.0,0.0,0.0,0.0,0.0,0.0,0.0,0.0,0.0,0.0,0.0,0.0,0.0,151.0,28.0,53.0,70.0,26.0,70.0,55.0,130.0,217.0,-87.0,70.0,105.0,-35.0,0.0,0.0,0.0,0.0,0.0,0.0,0.0,0.0,0.0,0.0,0.0,0.0
Venezia,67.0,30.0,23.0,14.0,24.0,30.0,13.0,79.0,60.0,19.0,43.0,26.0,17.0,429.0,452.0,169.0,166.0,226.0,194.0,591.0,702.0,96.0,110.0,7.0,5.0,71.0,12.0,25.0,34.0,17.0,34.0,20.0,69.0,105.0,-36.0,31.0,40.0,-9.0,406.0,606.0,147.0,209.0,205.0,274.0,609.0,690.0,92.0,89.0,5.0,3.0
Albinoleffe,165.0,58.0,63.0,44.0,43.0,79.0,43.0,205.0,197.0,8.0,87.0,86.0,1.0,0.0,0.0,0.0,0.0,0.0,0.0,0.0,0.0,0.0,0.0,0.0,0.0,164.0,45.0,43.0,76.0,35.0,79.0,50.0,179.0,222.0,-43.0,91.0,106.0,-15.0,0.0,0.0,0.0,0.0,0.0,0.0,0.0,0.0,0.0,0.0,0.0,0.0
Avellino,182.0,74.0,59.0,49.0,50.0,85.0,47.0,234.0,202.0,32.0,99.0,89.0,10.0,236.0,230.0,109.0,89.0,126.0,92.0,314.0,364.0,43.0,46.0,1.0,3.0,180.0,25.0,55.0,100.0,27.0,73.0,80.0,150.0,291.0,-141.0,75.0,141.0,-66.0,165.0,214.0,61.0,93.0,70.0,112.0,328.0,389.0,50.0,34.0,8.0,1.0
Arezzo,47.0,21.0,17.0,9.0,13.0,25.0,9.0,62.0,39.0,23.0,26.0,19.0,7.0,0.0,0.0,0.0,0.0,0.0,0.0,0.0,0.0,0.0,0.0,0.0,0.0,44.0,11.0,15.0,18.0,5.0,24.0,15.0,35.0,48.0,-13.0,14.0,24.0,-10.0,0.0,0.0,0.0,0.0,0.0,0.0,0.0,0.0,0.0,0.0,0.0,0.0
Catanzaro,26.0,6.0,7.0,13.0,4.0,13.0,9.0,22.0,34.0,-12.0,9.0,17.0,-8.0,0.0,0.0,0.0,0.0,0.0,0.0,0.0,0.0,0.0,0.0,0.0,0.0,25.0,2.0,3.0,20.0,3.0,15.0,7.0,12.0,44.0,-32.0,6.0,15.0,-9.0,0.0,0.0,0.0,0.0,0.0,0.0,0.0,0.0,0.0,0.0,0.0,0.0
Cremonese,65.0,22.0,22.0,21.0,17.0,36.0,12.0,76.0,66.0,10.0,37.0,29.0,8.0,492.0,408.0,181.0,151.0,271.0,185.0,656.0,684.0,83.0,100.0,4.0,9.0,64.0,8.0,27.0,29.0,10.0,37.0,17.0,53.0,85.0,-32.0,24.0,33.0,-9.0,428.0,516.0,164.0,194.0,210.0,236.0,643.0,620.0,99.0,99.0,5.0,3.0
Mantova,105.0,50.0,37.0,18.0,37.0,54.0,14.0,135.0,86.0,49.0,62.0,35.0,27.0,0.0,0.0,0.0,0.0,0.0,0.0,0.0,0.0,0.0,0.0,0.0,0.0,105.0,21.0,43.0,41.0,13.0,55.0,37.0,100.0,136.0,-36.0,34.0,69.0,-35.0,0.0,0.0,0.0,0.0,0.0,0.0,0.0,0.0,0.0,0.0,0.0,0.0
Rimini,84.0,38.0,28.0,18.0,28.0,45.0,11.0,119.0,83.0,36.0,55.0,35.0,20.0,0.0,0.0,0.0,0.0,0.0,0.0,0.0,0.0,0.0,0.0,0.0,0.0,84.0,23.0,23.0,38.0,20.0,38.0,26.0,89.0,106.0,-17.0,38.0,47.0,-9.0,0.0,0.0,0.0,0.0,0.0,0.0,0.0,0.0,0.0,0.0,0.0,0.0
Spezia,191.0,83.0,59.0,49.0,60.0,82.0,49.0,265.0,207.0,58.0,116.0,104.0,12.0,515.0,389.0,198.0,144.0,245.0,197.0,629.0,635.0,78.0,105.0,3.0,6.0,190.0,42.0,66.0,82.0,34.0,94.0,62.0,183.0,250.0,-67.0,67.0,107.0,-40.0,413.0,472.0,138.0,188.0,239.0,219.0,655.0,610.0,100.0,93.0,5.0,7.0
Pisa,67.0,23.0,25.0,19.0,17.0,37.0,13.0,66.0,62.0,4.0,26.0,24.0,2.0,40.0,69.0,17.0,19.0,20.0,16.0,50.0,64.0,15.0,12.0,0.0,1.0,68.0,16.0,26.0,26.0,14.0,30.0,24.0,75.0,83.0,-8.0,40.0,45.0,-5.0,60.0,56.0,15.0,17.0,18.0,28.0,65.0,88.0,10.0,16.0,3.0,1.0
Ravenna,21.0,6.0,7.0,8.0,2.0,14.0,5.0,22.0,27.0,-5.0,10.0,13.0,-3.0,0.0,0.0,0.0,0.0,0.0,0.0,0.0,0.0,0.0,0.0,0.0,0.0,21.0,2.0,4.0,15.0,4.0,8.0,9.0,26.0,48.0,-22.0,12.0,18.0,-6.0,0.0,0.0,0.0,0.0,0.0,0.0,0.0,0.0,0.0,0.0,0.0,0.0
Grosseto,126.0,50.0,49.0,27.0,50.0,43.0,33.0,196.0,159.0,37.0,100.0,79.0,21.0,0.0,0.0,0.0,0.0,0.0,0.0,0.0,0.0,0.0,0.0,0.0,0.0,126.0,22.0,43.0,61.0,31.0,54.0,41.0,115.0,201.0,-86.0,63.0,83.0,-20.0,0.0,0.0,0.0,0.0,0.0,0.0,0.0,0.0,0.0,0.0,0.0,0.0
Cittadella,211.0,83.0,63.0,65.0,73.0,90.0,48.0,291.0,237.0,54.0,141.0,103.0,38.0,597.0,369.0,221.0,151.0,279.0,157.0,779.0,609.0,105.0,103.0,3.0,7.0,212.0,56.0,69.0,87.0,45.0,95.0,72.0,230.0,285.0,-55.0,96.0,138.0,-42.0,473.0,485.0,175.0,192.0,225.0,223.0,799.0,618.0,117.0,99.0,4.0,5.0
Gallipoli,21.0,6.0,4.0,11.0,2.0,10.0,9.0,22.0,41.0,-19.0,6.0,20.0,-14.0,0.0,0.0,0.0,0.0,0.0,0.0,0.0,0.0,0.0,0.0,0.0,0.0,21.0,4.0,6.0,11.0,5.0,9.0,7.0,21.0,33.0,-12.0,9.0,14.0,-5.0,0.0,0.0,0.0,0.0,0.0,0.0,0.0,0.0,0.0,0.0,0.0,0.0
Padova,123.0,47.0,47.0,29.0,36.0,59.0,28.0,153.0,126.0,27.0,68.0,59.0,9.0,236.0,206.0,65.0,67.0,72.0,117.0,295.0,299.0,47.0,46.0,1.0,1.0,123.0,25.0,38.0,60.0,27.0,51.0,45.0,138.0,191.0,-53.0,60.0,90.0,-30.0,183.0,283.0,68.0,118.0,70.0,118.0,270.0,274.0,48.0,42.0,3.0,1.0
Piacenza ,1.0,0.0,1.0,0.0,0.0,1.0,0.0,0.0,0.0,0.0,0.0,0.0,0.0,0.0,0.0,0.0,0.0,0.0,0.0,0.0,0.0,0.0,0.0,0.0,0.0,0.0,0.0,0.0,0.0,0.0,0.0,0.0,0.0,0.0,0.0,0.0,0.0,0.0,0.0,0.0,0.0,0.0,0.0,0.0,0.0,0.0,0.0,0.0,0.0,0.0
Portogruaro,21.0,6.0,6.0,9.0,5.0,9.0,7.0,22.0,28.0,-6.0,7.0,13.0,-6.0,0.0,0.0,0.0,0.0,0.0,0.0,0.0,0.0,0.0,0.0,0.0,0.0,21.0,4.0,4.0,13.0,3.0,9.0,9.0,17.0,35.0,-18.0,7.0,13.0,-6.0,0.0,0.0,0.0,0.0,0.0,0.0,0.0,0.0,0.0,0.0,0.0,0.0
Varese,105.0,47.0,32.0,26.0,38.0,46.0,21.0,152.0,108.0,44.0,71.0,46.0,25.0,0.0,0.0,0.0,0.0,0.0,0.0,0.0,0.0,0.0,0.0,0.0,0.0,105.0,26.0,35.0,44.0,19.0,48.0,38.0,102.0,150.0,-48.0,43.0,69.0,-26.0,0.0,0.0,0.0,0.0,0.0,0.0,0.0,0.0,0.0,0.0,0.0,0.0
Juve Stabia,67.0,20.0,23.0,24.0,20.0,30.0,17.0,88.0,101.0,-13.0,45.0,41.0,4.0,53.0,57.0,20.0,20.0,23.0,12.0,77.0,66.0,14.0,13.0,2.0,1.0,68.0,12.0,18.0,38.0,12.0,36.0,20.0,64.0,110.0,-46.0,24.0,33.0,-9.0,37.0,79.0,16.0,25.0,16.0,30.0,72.0,78.0,15.0,9.0,2.0,0.0
Gubbio,21.0,6.0,7.0,8.0,5.0,10.0,6.0,23.0,24.0,-1.0,10.0,10.0,0.0,0.0,0.0,0.0,0.0,0.0,0.0,0.0,0.0,0.0,0.0,0.0,0.0,21.0,1.0,4.0,16.0,2.0,6.0,13.0,14.0,45.0,-31.0,6.0,23.0,-17.0,0.0,0.0,0.0,0.0,0.0,0.0,0.0,0.0,0.0,0.0,0.0,0.0
Nocerina,21.0,6.0,5.0,10.0,9.0,4.0,8.0,30.0,36.0,-6.0,18.0,14.0,4.0,0.0,0.0,0.0,0.0,0.0,0.0,0.0,0.0,0.0,0.0,0.0,0.0,21.0,4.0,5.0,12.0,3.0,9.0,9.0,22.0,35.0,-13.0,9.0,17.0,-8.0,0.0,0.0,0.0,0.0,0.0,0.0,0.0,0.0,0.0,0.0,0.0,0.0
Virtus Lanciano,84.0,31.0,33.0,20.0,23.0,36.0,25.0,102.0,92.0,10.0,46.0,50.0,-4.0,0.0,0.0,0.0,0.0,0.0,0.0,0.0,0.0,0.0,0.0,0.0,0.0,84.0,15.0,35.0,34.0,18.0,37.0,29.0,84.0,117.0,-33.0,38.0,50.0,-12.0,0.0,0.0,0.0,0.0,0.0,0.0,0.0,0.0,0.0,0.0,0.0,0.0
Pro Vercelli,105.0,35.0,37.0,33.0,26.0,49.0,30.0,119.0,122.0,-3.0,57.0,56.0,1.0,224.0,200.0,72.0,90.0,103.0,71.0,327.0,327.0,46.0,45.0,2.0,3.0,105.0,15.0,30.0,60.0,15.0,48.0,42.0,89.0,170.0,-81.0,35.0,79.0,-44.0,198.0,270.0,82.0,118.0,95.0,124.0,314.0,294.0,44.0,28.0,1.0,3.0
Latina,84.0,29.0,31.0,24.0,23.0,47.0,14.0,89.0,81.0,8.0,35.0,25.0,10.0,0.0,0.0,0.0,0.0,0.0,0.0,0.0,0.0,0.0,0.0,0.0,0.0,84.0,16.0,37.0,31.0,16.0,49.0,19.0,75.0,97.0,-22.0,39.0,44.0,-5.0,0.0,0.0,0.0,0.0,0.0,0.0,0.0,0.0,0.0,0.0,0.0,0.0
Trapani,89.0,38.0,31.0,20.0,34.0,40.0,15.0,131.0,92.0,39.0,64.0,38.0,26.0,70.0,52.0,25.0,24.0,25.0,20.0,87.0,74.0,11.0,11.0,0.0,0.0,88.0,20.0,28.0,40.0,18.0,35.0,35.0,101.0,147.0,-46.0,35.0,70.0,-35.0,39.0,51.0,16.0,22.0,17.0,26.0,68.0,65.0,13.0,5.0,1.0,1.0
Virtus Entella,88.0,40.0,27.0,21.0,28.0,35.0,25.0,125.0,85.0,40.0,56.0,47.0,9.0,279.0,260.0,107.0,117.0,149.0,120.0,436.0,431.0,47.0,59.0,1.0,5.0,89.0,13.0,35.0,41.0,17.0,36.0,36.0,66.0,122.0,-56.0,34.0,58.0,-24.0,211.0,328.0,76.0,121.0,118.0,144.0,414.0,429.0,77.0,61.0,2.0,3.0
Foggia,39.0,16.0,14.0,9.0,17.0,12.0,10.0,61.0,53.0,8.0,37.0,26.0,11.0,478.0,430.0,194.0,159.0,197.0,194.0,552.0,579.0,75.0,88.0,4.0,2.0,39.0,10.0,9.0,20.0,8.0,19.0,12.0,49.0,64.0,-15.0,17.0,21.0,-4.0,437.0,534.0,174.0,202.0,186.0,213.0,528.0,569.0,94.0,85.0,6.0,6.0
Pordenone,5.0,3.0,2.0,0.0,2.0,3.0,0.0,7.0,1.0,6.0,4.0,1.0,3.0,74.0,59.0,23.0,18.0,23.0,19.0,82.0,99.0,12.0,11.0,0.0,1.0,4.0,0.0,1.0,3.0,2.0,0.0,2.0,6.0,11.0,-5.0,4.0,6.0,-2.0,45.0,61.0,14.0,24.0,19.0,23.0,77.0,64.0,13.0,9.0,2.0,0.0
Real Madrid,194.0,157.0,19.0,18.0,115.0,64.0,15.0,600.0,178.0,422.0,269.0,85.0,184.0,3989.0,1881.0,1648.0,643.0,1385.0,788.0,2397.0,2693.0,347.0,500.0,21.0,31.0,195.0,123.0,38.0,34.0,99.0,64.0,32.0,439.0,214.0,225.0,209.0,87.0,122.0,3219.0,2255.0,1264.0,746.0,1126.0,918.0,2423.0,3040.0,479.0,588.0,28.0,24.0
La Coruna,202.0,80.0,62.0,60.0,72.0,84.0,46.0,272.0,248.0,24.0,130.0,101.0,29.0,2123.0,1803.0,705.0,622.0,891.0,729.0,2137.0,2254.0,355.0,407.0,20.0,21.0,203.0,46.0,64.0,93.0,40.0,82.0,81.0,188.0,312.0,-124.0,89.0,148.0,-59.0,1625.0,2308.0,530.0,826.0,671.0,1048.0,2070.0,2215.0,388.0,367.0,24.0,14.0
Zaragoza,219.0,95.0,58.0,66.0,81.0,84.0,54.0,281.0,236.0,45.0,140.0,102.0,38.0,1758.0,1353.0,588.0,513.0,682.0,596.0,1985.0,1840.0,344.0,341.0,23.0,18.0,220.0,53.0,68.0,99.0,40.0,110.0,70.0,235.0,340.0,-105.0,105.0,155.0,-50.0,1371.0,1678.0,463.0,648.0,507.0,709.0,1982.0,1871.0,365.0,286.0,25.0,17.0
Tenerife,182.0,76.0,68.0,38.0,57.0,81.0,44.0,234.0,174.0,60.0,90.0,82.0,8.0,982.0,657.0,336.0,240.0,431.0,255.0,1025.0,997.0,189.0,196.0,8.0,7.0,184.0,31.0,57.0,96.0,25.0,86.0,73.0,172.0,284.0,-112.0,74.0,136.0,-62.0,770.0,887.0,237.0,350.0,307.0,378.0,1074.0,1045.0,193.0,146.0,10.0,8.0
Almeria,218.0,89.0,73.0,56.0,73.0,108.0,37.0,306.0,252.0,54.0,141.0,98.0,43.0,1515.0,1565.0,506.0,576.0,694.0,674.0,1930.0,1754.0,305.0,351.0,19.0,24.0,221.0,48.0,57.0,116.0,45.0,85.0,91.0,207.0,334.0,-127.0,87.0,146.0,-59.0,1245.0,1866.0,406.0,692.0,552.0,849.0,1960.0,1882.0,324.0,325.0,23.0,24.0
Valladolid,206.0,97.0,59.0,50.0,76.0,82.0,48.0,303.0,217.0,86.0,141.0,94.0,47.0,1251.0,1142.0,442.0,397.0,623.0,460.0,1456.0,1388.0,255.0,248.0,9.0,25.0,208.0,53.0,62.0,93.0,48.0,95.0,65.0,230.0,305.0,-75.0,104.0,126.0,-22.0,1022.0,1596.0,353.0,536.0,438.0,649.0,1517.0,1394.0,258.0,203.0,13.0,10.0
Ath Bilbao,195.0,102.0,50.0,43.0,79.0,75.0,41.0,309.0,202.0,107.0,140.0,78.0,62.0,2672.0,2053.0,959.0,723.0,1270.0,797.0,2766.0,2873.0,450.0,613.0,27.0,35.0,195.0,53.0,50.0,92.0,43.0,83.0,69.0,202.0,292.0,-90.0,93.0,133.0,-40.0,2063.0,2649.0,745.0,921.0,904.0,1132.0,2772.0,2786.0,526.0,482.0,28.0,32.0
Espanol,195.0,86.0,49.0,60.0,60.0,84.0,51.0,254.0,233.0,21.0,109.0,100.0,9.0,2407.0,2183.0,847.0,774.0,1066.0,899.0,3034.0,2901.0,496.0,537.0,22.0,26.0,195.0,42.0,50.0,103.0,38.0,84.0,73.0,176.0,309.0,-133.0,79.0,135.0,-56.0,1944.0,2752.0,636.0,982.0,801.0,1211.0,2992.0,2816.0,600.0,469.0,36.0,30.0
Malaga,198.0,86.0,45.0,67.0,60.0,86.0,52.0,273.0,217.0,56.0,113.0,98.0,15.0,2762.0,2079.0,983.0,779.0,1174.0,810.0,2937.0,2905.0,508.0,583.0,33.0,38.0,199.0,46.0,54.0,99.0,33.0,91.0,75.0,184.0,291.0,-107.0,76.0,141.0,-65.0,2021.0,2519.0,699.0,907.0,891.0,1148.0,2947.0,2837.0,562.0,479.0,43.0,18.0
Ath Madrid,196.0,134.0,37.0,25.0,95.0,83.0,18.0,383.0,136.0,247.0,167.0,54.0,113.0,2859.0,1864.0,1086.0,578.0,1308.0,764.0,2837.0,2722.0,467.0,534.0,17.0,32.0,194.0,86.0,48.0,60.0,54.0,97.0,43.0,254.0,211.0,43.0,101.0,98.0,3.0,2220.0,2407.0,835.0,789.0,951.0,951.0,2837.0,2739.0,545.0,476.0,30.0,18.0
Mallorca,187.0,91.0,49.0,47.0,56.0,91.0,40.0,253.0,180.0,73.0,98.0,81.0,17.0,1375.0,1139.0,498.0,396.0,643.0,494.0,1627.0,1386.0,255.0,260.0,10.0,25.0,185.0,30.0,54.0,101.0,33.0,80.0,72.0,170.0,304.0,-134.0,75.0,135.0,-60.0,1102.0,1450.0,389.0,519.0,423.0,646.0,1576.0,1400.0,262.0,223.0,17.0,7.0
Xerez,94.0,32.0,24.0,38.0,18.0,47.0,29.0,109.0,130.0,-21.0,48.0,57.0,-9.0,193.0,275.0,67.0,97.0,95.0,108.0,292.0,302.0,40.0,44.0,4.0,7.0,93.0,21.0,22.0,50.0,17.0,39.0,37.0,101.0,167.0,-66.0,43.0,69.0,-26.0,171.0,323.0,57.0,105.0,72.0,132.0,285.0,268.0,56.0,28.0,10.0,1.0
Osasuna,203.0,89.0,65.0,49.0,62.0,94.0,47.0,255.0,199.0,56.0,117.0,92.0,25.0,2154.0,1698.0,758.0,550.0,958.0,789.0,2439.0,2343.0,404.0,440.0,24.0,24.0,203.0,45.0,51.0,107.0,36.0,80.0,87.0,177.0,338.0,-161.0,69.0,150.0,-81.0,1635.0,2271.0,537.0,801.0,668.0,986.0,2372.0,2232.0,422.0,354.0,32.0,15.0
Villarreal,197.0,109.0,49.0,39.0,86.0,73.0,38.0,344.0,194.0,150.0,137.0,75.0,62.0,2438.0,1910.0,934.0,630.0,1002.0,766.0,2366.0,2534.0,404.0,460.0,20.0,25.0,197.0,58.0,58.0,81.0,54.0,88.0,55.0,213.0,263.0,-50.0,103.0,109.0,-6.0,1840.0,2457.0,701.0,828.0,724.0,1172.0,2477.0,2452.0,468.0,433.0,23.0,20.0
Santander,105.0,30.0,30.0,45.0,28.0,42.0,35.0,102.0,130.0,-28.0,46.0,60.0,-14.0,735.0,757.0,259.0,276.0,315.0,330.0,1087.0,933.0,169.0,148.0,11.0,6.0,104.0,20.0,31.0,53.0,20.0,38.0,46.0,99.0,165.0,-66.0,43.0,84.0,-41.0,591.0,1022.0,204.0,374.0,238.0,465.0,1018.0,888.0,156.0,124.0,14.0,9.0
Getafe,207.0,95.0,52.0,60.0,63.0,96.0,48.0,287.0,213.0,74.0,115.0,93.0,22.0,2258.0,1879.0,769.0,673.0,1032.0,828.0,2655.0,2463.0,500.0,465.0,27.0,34.0,209.0,47.0,54.0,108.0,35.0,82.0,92.0,196.0,344.0,-148.0,77.0,162.0,-85.0,1806.0,2533.0,605.0,944.0,751.0,1079.0,2672.0,2479.0,562.0,433.0,32.0,28.0
Valencia,195.0,108.0,50.0,37.0,86.0,81.0,28.0,353.0,201.0,152.0,170.0,91.0,79.0,2856.0,2090.0,1065.0,722.0,1278.0,885.0,2900.0,2808.0,469.0,526.0,21.0,31.0,195.0,69.0,50.0,76.0,50.0,88.0,57.0,249.0,268.0,-19.0,112.0,116.0,-4.0,2117.0,2793.0,744.0,973.0,923.0,1186.0,2815.0,2936.0,607.0,515.0,46.0,27.0
Sevilla,195.0,120.0,38.0,37.0,87.0,76.0,32.0,373.0,208.0,165.0,170.0,91.0,79.0,3017.0,2145.0,1117.0,748.0,1292.0,764.0,2896.0,2753.0,498.0,555.0,23.0,42.0,195.0,59.0,45.0,91.0,50.0,72.0,73.0,244.0,315.0,-71.0,104.0,134.0,-30.0,2241.0,2711.0,817.0,941.0,976.0,1104.0,2840.0,2867.0,567.0,567.0,47.0,28.0
Barcelona,194.0,167.0,18.0,9.0,130.0,51.0,13.0,618.0,137.0,481.0,279.0,61.0,218.0,3323.0,1552.0,1497.0,546.0,1378.0,629.0,2120.0,2751.0,301.0,533.0,14.0,24.0,195.0,128.0,44.0,23.0,96.0,71.0,28.0,454.0,172.0,282.0,186.0,76.0,110.0,2777.0,1963.0,1205.0,698.0,1068.0,785.0,2088.0,3206.0,412.0,559.0,13.0,41.0
Sp Gijon,220.0,104.0,62.0,54.0,80.0,99.0,41.0,322.0,227.0,95.0,155.0,102.0,53.0,1823.0,1716.0,663.0,621.0,778.0,612.0,2281.0,2027.0,386.0,397.0,10.0,24.0,216.0,42.0,74.0,100.0,47.0,93.0,76.0,192.0,310.0,-118.0,83.0,132.0,-49.0,1263.0,2113.0,426.0,743.0,608.0,829.0,2180.0,1977.0,381.0,337.0,24.0,8.0
Hercules,82.0,32.0,19.0,31.0,17.0,41.0,24.0,105.0,104.0,1.0,43.0,52.0,-9.0,234.0,255.0,90.0,97.0,107.0,69.0,244.0,270.0,37.0,48.0,5.0,3.0,82.0,23.0,18.0,41.0,19.0,33.0,30.0,81.0,114.0,-33.0,37.0,57.0,-20.0,160.0,291.0,64.0,115.0,99.0,110.0,273.0,281.0,55.0,44.0,3.0,0.0
Levante,189.0,87.0,50.0,52.0,56.0,87.0,46.0,263.0,225.0,38.0,109.0,97.0,12.0,1870.0,2130.0,625.0,731.0,824.0,769.0,2329.0,2187.0,450.0,429.0,26.0,23.0,188.0,41.0,50.0,97.0,34.0,86.0,68.0,178.0,302.0,-124.0,71.0,128.0,-57.0,1486.0,2586.0,465.0,903.0,620.0,1017.0,2206.0,2079.0,484.0,370.0,21.0,21.0
Sociedad,175.0,87.0,43.0,45.0,60.0,80.0,35.0,295.0,196.0,99.0,130.0,85.0,45.0,2422.0,2015.0,829.0,672.0,1116.0,809.0,2237.0,2712.0,360.0,535.0,13.0,26.0,177.0,49.0,42.0,86.0,44.0,70.0,63.0,208.0,293.0,-85.0,101.0,138.0,-37.0,1957.0,2442.0,668.0,895.0,813.0,1093.0,2222.0,2681.0,394.0,483.0,20.0,18.0
Granada,182.0,81.0,45.0,56.0,67.0,73.0,42.0,236.0,191.0,45.0,114.0,74.0,40.0,2040.0,1821.0,666.0,640.0,900.0,690.0,2339.0,2153.0,418.0,455.0,32.0,28.0,182.0,38.0,45.0,99.0,36.0,68.0,78.0,168.0,325.0,-157.0,72.0,140.0,-68.0,1670.0,2235.0,523.0,848.0,662.0,965.0,2318.0,2265.0,462.0,353.0,20.0,25.0
Betis,180.0,84.0,44.0,52.0,62.0,71.0,47.0,277.0,220.0,57.0,108.0,96.0,12.0,1900.0,1498.0,606.0,581.0,768.0,684.0,1904.0,1995.0,360.0,429.0,20.0,29.0,180.0,56.0,34.0,90.0,35.0,86.0,59.0,212.0,303.0,-91.0,83.0,118.0,-35.0,1366.0,1966.0,525.0,736.0,533.0,885.0,1813.0,2048.0,364.0,354.0,20.0,18.0
Vallecano,184.0,85.0,35.0,64.0,58.0,75.0,51.0,289.0,247.0,42.0,126.0,116.0,10.0,2090.0,1502.0,747.0,551.0,861.0,629.0,2088.0,2050.0,381.0,366.0,26.0,26.0,183.0,51.0,42.0,90.0,46.0,59.0,78.0,204.0,340.0,-136.0,84.0,149.0,-65.0,1738.0,1867.0,569.0,752.0,738.0,798.0,2107.0,2018.0,432.0,299.0,24.0,18.0
Celta,181.0,81.0,48.0,52.0,61.0,75.0,45.0,284.0,217.0,67.0,118.0,90.0,28.0,1845.0,1511.0,647.0,547.0,763.0,633.0,1796.0,1911.0,325.0,392.0,15.0,18.0,179.0,54.0,40.0,85.0,43.0,73.0,63.0,215.0,275.0,-60.0,99.0,120.0,-21.0,1426.0,1922.0,485.0,690.0,560.0,781.0,1855.0,1903.0,369.0,338.0,23.0,9.0
Elche,182.0,77.0,56.0,49.0,64.0,84.0,34.0,222.0,181.0,41.0,101.0,67.0,34.0,772.0,712.0,220.0,242.0,340.0,302.0,1005.0,984.0,195.0,158.0,7.0,7.0,181.0,49.0,56.0,76.0,38.0,86.0,57.0,184.0,251.0,-67.0,77.0,103.0,-26.0,621.0,882.0,214.0,323.0,262.0,387.0,981.0,987.0,190.0,148.0,13.0,11.0
Eibar,130.0,57.0,31.0,42.0,42.0,47.0,41.0,171.0,137.0,34.0,71.0,72.0,-1.0,1292.0,893.0,436.0,343.0,554.0,368.0,1371.0,1193.0,230.0,217.0,9.0,11.0,133.0,29.0,44.0,60.0,31.0,62.0,40.0,131.0,192.0,-61.0,62.0,75.0,-13.0,1038.0,1189.0,341.0,464.0,468.0,557.0,1457.0,1123.0,267.0,234.0,13.0,14.0
Cordoba,197.0,83.0,55.0,59.0,69.0,83.0,45.0,273.0,225.0,48.0,120.0,78.0,42.0,774.0,653.0,265.0,250.0,336.0,276.0,879.0,946.0,144.0,159.0,6.0,16.0,198.0,44.0,50.0,104.0,34.0,86.0,78.0,181.0,312.0,-131.0,74.0,148.0,-74.0,590.0,832.0,210.0,312.0,232.0,345.0,922.0,930.0,171.0,133.0,13.0,5.0
Las Palmas,201.0,96.0,57.0,48.0,74.0,89.0,38.0,302.0,218.0,84.0,124.0,78.0,46.0,1022.0,875.0,385.0,332.0,408.0,340.0,1122.0,1424.0,225.0,251.0,8.0,16.0,199.0,42.0,54.0,103.0,37.0,85.0,77.0,210.0,354.0,-144.0,97.0,156.0,-59.0,873.0,1176.0,310.0,459.0,338.0,485.0,1157.0,1396.0,240.0,213.0,12.0,10.0
Alaves,125.0,53.0,41.0,31.0,37.0,61.0,27.0,153.0,128.0,25.0,66.0,52.0,14.0,736.0,717.0,223.0,233.0,254.0,323.0,941.0,845.0,190.0,160.0,5.0,8.0,125.0,40.0,22.0,63.0,27.0,48.0,50.0,130.0,173.0,-43.0,45.0,75.0,-30.0,554.0,959.0,191.0,321.0,200.0,431.0,915.0,828.0,164.0,139.0,6.0,3.0
Leganes,117.0,47.0,39.0,31.0,36.0,52.0,29.0,145.0,111.0,34.0,61.0,51.0,10.0,756.0,560.0,242.0,201.0,289.0,257.0,970.0,801.0,161.0,151.0,7.0,6.0,113.0,25.0,28.0,60.0,15.0,59.0,39.0,97.0,153.0,-56.0,36.0,64.0,-28.0,600.0,764.0,205.0,274.0,217.0,308.0,955.0,785.0,183.0,129.0,6.0,3.0
Girona,192.0,89.0,59.0,44.0,71.0,88.0,33.0,302.0,189.0,113.0,134.0,79.0,55.0,563.0,470.0,187.0,171.0,213.0,174.0,692.0,655.0,104.0,139.0,3.0,5.0,191.0,60.0,45.0,86.0,48.0,84.0,59.0,216.0,270.0,-54.0,92.0,107.0,-15.0,436.0,614.0,159.0,257.0,155.0,248.0,658.0,602.0,124.0,124.0,4.0,6.0
Huesca,152.0,63.0,48.0,41.0,52.0,64.0,36.0,197.0,154.0,43.0,89.0,62.0,27.0,697.0,435.0,245.0,141.0,276.0,212.0,687.0,672.0,115.0,139.0,4.0,7.0,151.0,40.0,42.0,69.0,27.0,66.0,58.0,156.0,218.0,-62.0,60.0,101.0,-41.0,511.0,599.0,167.0,231.0,186.0,282.0,676.0,618.0,138.0,110.0,6.0,4.0
Villarreal B,42.0,16.0,9.0,17.0,12.0,18.0,12.0,55.0,60.0,-5.0,22.0,25.0,-3.0,0.0,0.0,0.0,0.0,0.0,0.0,0.0,0.0,0.0,0.0,0.0,0.0,42.0,13.0,7.0,22.0,5.0,20.0,17.0,42.0,67.0,-25.0,16.0,31.0,-15.0,0.0,0.0,0.0,0.0,0.0,0.0,0.0,0.0,0.0,0.0,0.0,0.0
Barcelona B,126.0,52.0,28.0,46.0,48.0,51.0,27.0,208.0,167.0,41.0,94.0,58.0,36.0,259.0,223.0,83.0,86.0,113.0,86.0,270.0,327.0,43.0,59.0,0.0,2.0,126.0,38.0,35.0,53.0,28.0,56.0,42.0,177.0,203.0,-26.0,75.0,88.0,-13.0,243.0,304.0,93.0,85.0,94.0,134.0,251.0,338.0,52.0,59.0,1.0,1.0
Recreativo,105.0,39.0,33.0,33.0,29.0,51.0,25.0,127.0,112.0,15.0,51.0,50.0,1.0,0.0,0.0,0.0,0.0,0.0,0.0,0.0,0.0,0.0,0.0,0.0,0.0,105.0,26.0,31.0,48.0,20.0,44.0,41.0,102.0,146.0,-44.0,41.0,71.0,-30.0,0.0,0.0,0.0,0.0,0.0,0.0,0.0,0.0,0.0,0.0,0.0,0.0
Gimnastic,126.0,43.0,40.0,43.0,30.0,59.0,37.0,138.0,137.0,1.0,57.0,71.0,-14.0,522.0,469.0,164.0,177.0,217.0,170.0,706.0,591.0,126.0,118.0,5.0,7.0,126.0,29.0,35.0,62.0,19.0,58.0,49.0,114.0,171.0,-57.0,39.0,81.0,-42.0,373.0,619.0,122.0,218.0,121.0,265.0,686.0,571.0,130.0,91.0,7.0,2.0
Ponferradina,112.0,50.0,33.0,29.0,35.0,56.0,21.0,159.0,119.0,40.0,57.0,46.0,11.0,91.0,68.0,28.0,19.0,24.0,34.0,99.0,124.0,14.0,25.0,0.0,2.0,111.0,19.0,36.0,56.0,15.0,52.0,44.0,93.0,163.0,-70.0,37.0,83.0,-46.0,49.0,80.0,19.0,19.0,25.0,42.0,102.0,102.0,15.0,17.0,1.0,1.0
Cartagena,42.0,17.0,12.0,13.0,16.0,17.0,9.0,56.0,53.0,3.0,31.0,23.0,8.0,0.0,0.0,0.0,0.0,0.0,0.0,0.0,0.0,0.0,0.0,0.0,0.0,42.0,8.0,9.0,25.0,3.0,18.0,21.0,29.0,68.0,-39.0,10.0,32.0,-22.0,0.0,0.0,0.0,0.0,0.0,0.0,0.0,0.0,0.0,0.0,0.0,0.0
Albacete,123.0,47.0,41.0,35.0,37.0,65.0,21.0,141.0,122.0,19.0,68.0,47.0,21.0,548.0,488.0,176.0,151.0,242.0,187.0,752.0,782.0,133.0,138.0,6.0,8.0,122.0,30.0,30.0,62.0,24.0,64.0,34.0,117.0,183.0,-66.0,48.0,64.0,-16.0,457.0,678.0,162.0,222.0,159.0,285.0,777.0,745.0,145.0,97.0,5.0,3.0
Alcorcon,195.0,96.0,56.0,43.0,67.0,102.0,26.0,252.0,145.0,107.0,119.0,60.0,59.0,554.0,445.0,174.0,154.0,280.0,215.0,793.0,758.0,131.0,129.0,9.0,8.0,196.0,52.0,48.0,96.0,43.0,79.0,74.0,181.0,281.0,-100.0,86.0,124.0,-38.0,460.0,564.0,150.0,194.0,185.0,263.0,836.0,733.0,158.0,109.0,9.0,5.0
Salamanca,33.0,10.0,11.0,12.0,12.0,16.0,5.0,36.0,42.0,-6.0,20.0,14.0,6.0,0.0,0.0,0.0,0.0,0.0,0.0,0.0,0.0,0.0,0.0,0.0,0.0,31.0,9.0,5.0,17.0,5.0,15.0,11.0,24.0,40.0,-16.0,8.0,15.0,-7.0,0.0,0.0,0.0,0.0,0.0,0.0,0.0,0.0,0.0,0.0,0.0,0.0
Numancia,207.0,101.0,56.0,50.0,64.0,111.0,32.0,303.0,204.0,99.0,124.0,85.0,39.0,626.0,472.0,203.0,170.0,279.0,219.0,636.0,710.0,84.0,150.0,5.0,5.0,207.0,31.0,92.0,84.0,34.0,96.0,77.0,198.0,294.0,-96.0,80.0,139.0,-59.0,481.0,585.0,153.0,209.0,200.0,292.0,696.0,696.0,125.0,134.0,9.0,6.0
Alcoyano,21.0,6.0,7.0,8.0,5.0,11.0,5.0,25.0,33.0,-8.0,10.0,11.0,-1.0,0.0,0.0,0.0,0.0,0.0,0.0,0.0,0.0,0.0,0.0,0.0,0.0,21.0,3.0,3.0,15.0,3.0,10.0,8.0,21.0,45.0,-24.0,11.0,23.0,-12.0,0.0,0.0,0.0,0.0,0.0,0.0,0.0,0.0,0.0,0.0,0.0,0.0
Guadalajara,42.0,16.0,9.0,17.0,16.0,17.0,9.0,55.0,58.0,-3.0,32.0,21.0,11.0,0.0,0.0,0.0,0.0,0.0,0.0,0.0,0.0,0.0,0.0,0.0,0.0,42.0,10.0,12.0,20.0,7.0,21.0,14.0,41.0,70.0,-29.0,15.0,30.0,-15.0,0.0,0.0,0.0,0.0,0.0,0.0,0.0,0.0,0.0,0.0,0.0,0.0
Sabadell,84.0,40.0,24.0,20.0,30.0,29.0,25.0,127.0,105.0,22.0,57.0,57.0,0.0,0.0,0.0,0.0,0.0,0.0,0.0,0.0,0.0,0.0,0.0,0.0,0.0,84.0,10.0,21.0,53.0,6.0,36.0,42.0,65.0,153.0,-88.0,22.0,76.0,-54.0,0.0,0.0,0.0,0.0,0.0,0.0,0.0,0.0,0.0,0.0,0.0,0.0
Murcia,74.0,32.0,21.0,21.0,23.0,34.0,17.0,98.0,79.0,19.0,42.0,32.0,10.0,0.0,0.0,0.0,0.0,0.0,0.0,0.0,0.0,0.0,0.0,0.0,0.0,74.0,19.0,21.0,34.0,13.0,37.0,24.0,76.0,100.0,-24.0,30.0,45.0,-15.0,0.0,0.0,0.0,0.0,0.0,0.0,0.0,0.0,0.0,0.0,0.0,0.0
Mirandes,112.0,43.0,36.0,33.0,31.0,53.0,28.0,128.0,118.0,10.0,53.0,49.0,4.0,95.0,67.0,24.0,14.0,39.0,30.0,95.0,95.0,19.0,13.0,1.0,1.0,111.0,24.0,32.0,55.0,22.0,49.0,40.0,97.0,175.0,-78.0,40.0,67.0,-27.0,66.0,80.0,16.0,27.0,21.0,33.0,82.0,100.0,13.0,11.0,2.0,1.0
Real Madrid B,42.0,21.0,7.0,14.0,21.0,11.0,10.0,85.0,53.0,32.0,43.0,22.0,21.0,0.0,0.0,0.0,0.0,0.0,0.0,0.0,0.0,0.0,0.0,0.0,0.0,42.0,9.0,11.0,22.0,8.0,20.0,14.0,44.0,65.0,-21.0,20.0,28.0,-8.0,0.0,0.0,0.0,0.0,0.0,0.0,0.0,0.0,0.0,0.0,0.0,0.0
Lugo,154.0,69.0,41.0,44.0,48.0,73.0,33.0,210.0,175.0,35.0,96.0,74.0,22.0,566.0,515.0,200.0,180.0,281.0,255.0,753.0,698.0,120.0,142.0,4.0,2.0,153.0,25.0,60.0,68.0,18.0,87.0,48.0,114.0,204.0,-90.0,48.0,81.0,-33.0,462.0,644.0,147.0,218.0,206.0,314.0,769.0,714.0,153.0,118.0,8.0,7.0
Jaen,21.0,9.0,5.0,7.0,6.0,11.0,4.0,27.0,21.0,6.0,13.0,6.0,7.0,0.0,0.0,0.0,0.0,0.0,0.0,0.0,0.0,0.0,0.0,0.0,0.0,21.0,3.0,7.0,11.0,2.0,9.0,10.0,16.0,28.0,-12.0,6.0,16.0,-10.0,0.0,0.0,0.0,0.0,0.0,0.0,0.0,0.0,0.0,0.0,0.0,0.0
Llagostera,42.0,20.0,9.0,13.0,14.0,22.0,6.0,56.0,34.0,22.0,24.0,9.0,15.0,0.0,0.0,0.0,0.0,0.0,0.0,0.0,0.0,0.0,0.0,0.0,0.0,42.0,7.0,11.0,24.0,6.0,20.0,16.0,29.0,61.0,-32.0,10.0,26.0,-16.0,0.0,0.0,0.0,0.0,0.0,0.0,0.0,0.0,0.0,0.0,0.0,0.0
Oviedo,100.0,51.0,30.0,19.0,43.0,45.0,12.0,144.0,99.0,45.0,70.0,38.0,32.0,581.0,465.0,205.0,147.0,257.0,193.0,771.0,731.0,124.0,143.0,4.0,6.0,103.0,25.0,24.0,54.0,17.0,45.0,41.0,93.0,145.0,-52.0,33.0,64.0,-31.0,454.0,560.0,152.0,190.0,196.0,258.0,822.0,734.0,162.0,111.0,9.0,4.0
Ath Bilbao B,21.0,6.0,6.0,9.0,4.0,12.0,5.0,20.0,22.0,-2.0,8.0,10.0,-2.0,0.0,0.0,0.0,0.0,0.0,0.0,0.0,0.0,0.0,0.0,0.0,0.0,21.0,2.0,2.0,17.0,1.0,11.0,9.0,15.0,37.0,-22.0,5.0,16.0,-11.0,0.0,0.0,0.0,0.0,0.0,0.0,0.0,0.0,0.0,0.0,0.0,0.0
Cadiz,69.0,34.0,29.0,6.0,21.0,37.0,11.0,93.0,41.0,52.0,30.0,18.0,12.0,546.0,394.0,182.0,142.0,314.0,161.0,677.0,736.0,94.0,141.0,5.0,8.0,70.0,24.0,20.0,26.0,13.0,36.0,21.0,77.0,74.0,3.0,27.0,34.0,-7.0,469.0,548.0,159.0,179.0,233.0,229.0,673.0,690.0,125.0,131.0,7.0,8.0
Reus Deportiu,63.0,15.0,25.0,23.0,10.0,29.0,24.0,46.0,54.0,-8.0,19.0,21.0,-2.0,348.0,371.0,106.0,124.0,135.0,135.0,469.0,481.0,60.0,84.0,1.0,3.0,63.0,15.0,13.0,35.0,10.0,23.0,30.0,32.0,65.0,-33.0,12.0,24.0,-12.0,227.0,435.0,68.0,154.0,100.0,169.0,400.0,423.0,66.0,49.0,2.0,2.0
Sevilla B,42.0,14.0,16.0,12.0,11.0,21.0,10.0,56.0,49.0,7.0,22.0,16.0,6.0,221.0,239.0,84.0,79.0,108.0,101.0,336.0,350.0,57.0,57.0,4.0,2.0,42.0,6.0,9.0,27.0,7.0,19.0,16.0,28.0,67.0,-39.0,11.0,24.0,-13.0,188.0,299.0,71.0,114.0,97.0,116.0,292.0,304.0,60.0,49.0,5.0,3.0
UCAM Murcia,21.0,7.0,6.0,8.0,5.0,5.0,11.0,24.0,23.0,1.0,10.0,16.0,-6.0,0.0,0.0,0.0,0.0,0.0,0.0,0.0,0.0,0.0,0.0,0.0,0.0,21.0,4.0,9.0,8.0,0.0,13.0,8.0,18.0,28.0,-10.0,5.0,16.0,-11.0,0.0,0.0,0.0,0.0,0.0,0.0,0.0,0.0,0.0,0.0,0.0,0.0
Lorca,21.0,7.0,6.0,8.0,11.0,8.0,2.0,25.0,28.0,-3.0,16.0,8.0,8.0,242.0,236.0,93.0,90.0,116.0,99.0,328.0,280.0,49.0,47.0,1.0,1.0,21.0,1.0,3.0,17.0,0.0,10.0,11.0,12.0,40.0,-28.0,2.0,17.0,-15.0,204.0,281.0,70.0,97.0,89.0,118.0,320.0,290.0,55.0,47.0,4.0,0.0
Leonesa,21.0,9.0,8.0,4.0,7.0,9.0,5.0,33.0,26.0,7.0,13.0,10.0,3.0,265.0,218.0,87.0,65.0,105.0,97.0,251.0,342.0,58.0,66.0,3.0,4.0,21.0,2.0,7.0,12.0,2.0,9.0,10.0,21.0,41.0,-20.0,7.0,18.0,-11.0,196.0,291.0,58.0,110.0,66.0,129.0,286.0,373.0,57.0,46.0,2.0,1.0
Ferrol,10.0,3.0,5.0,2.0,2.0,5.0,3.0,10.0,11.0,-1.0,4.0,6.0,-2.0,0.0,0.0,0.0,0.0,0.0,0.0,0.0,0.0,0.0,0.0,0.0,0.0,11.0,2.0,3.0,6.0,0.0,6.0,5.0,8.0,17.0,-9.0,3.0,9.0,-6.0,0.0,0.0,0.0,0.0,0.0,0.0,0.0,0.0,0.0,0.0,0.0,0.0
Terrassa,11.0,4.0,6.0,1.0,4.0,7.0,0.0,11.0,8.0,3.0,9.0,5.0,4.0,0.0,0.0,0.0,0.0,0.0,0.0,0.0,0.0,0.0,0.0,0.0,0.0,10.0,2.0,6.0,2.0,3.0,4.0,3.0,11.0,10.0,1.0,5.0,5.0,0.0,0.0,0.0,0.0,0.0,0.0,0.0,0.0,0.0,0.0,0.0,0.0,0.0
Badajoz,10.0,3.0,2.0,5.0,4.0,2.0,4.0,5.0,12.0,-7.0,5.0,6.0,-1.0,0.0,0.0,0.0,0.0,0.0,0.0,0.0,0.0,0.0,0.0,0.0,0.0,11.0,4.0,1.0,6.0,2.0,5.0,4.0,9.0,19.0,-10.0,3.0,7.0,-4.0,0.0,0.0,0.0,0.0,0.0,0.0,0.0,0.0,0.0,0.0,0.0,0.0
Compostela,10.0,3.0,5.0,2.0,3.0,6.0,1.0,12.0,8.0,4.0,6.0,3.0,3.0,0.0,0.0,0.0,0.0,0.0,0.0,0.0,0.0,0.0,0.0,0.0,0.0,12.0,2.0,5.0,5.0,4.0,7.0,1.0,10.0,17.0,-7.0,10.0,6.0,4.0,0.0,0.0,0.0,0.0,0.0,0.0,0.0,0.0,0.0,0.0,0.0,0.0
Poli Ejido,11.0,4.0,5.0,2.0,2.0,5.0,4.0,11.0,8.0,3.0,5.0,7.0,-2.0,0.0,0.0,0.0,0.0,0.0,0.0,0.0,0.0,0.0,0.0,0.0,0.0,10.0,3.0,5.0,2.0,1.0,8.0,1.0,9.0,8.0,1.0,2.0,2.0,0.0,0.0,0.0,0.0,0.0,0.0,0.0,0.0,0.0,0.0,0.0,0.0,0.0
Extremadura UD,27.0,8.0,6.0,13.0,7.0,11.0,9.0,24.0,32.0,-8.0,12.0,11.0,1.0,333.0,289.0,122.0,93.0,135.0,104.0,396.0,423.0,68.0,92.0,0.0,9.0,28.0,9.0,9.0,10.0,5.0,16.0,7.0,32.0,32.0,0.0,11.0,12.0,-1.0,274.0,415.0,100.0,127.0,111.0,195.0,453.0,399.0,77.0,74.0,4.0,7.0
Rayo Majadahonda,21.0,8.0,6.0,7.0,7.0,8.0,6.0,23.0,23.0,0.0,11.0,9.0,2.0,259.0,222.0,86.0,70.0,88.0,91.0,302.0,317.0,56.0,57.0,2.0,2.0,21.0,4.0,3.0,14.0,4.0,8.0,9.0,23.0,38.0,-15.0,5.0,14.0,-9.0,269.0,289.0,88.0,88.0,88.0,120.0,297.0,333.0,60.0,58.0,1.0,2.0
Fuenlabrada,6.0,3.0,2.0,1.0,1.0,3.0,2.0,9.0,6.0,3.0,2.0,3.0,-1.0,73.0,50.0,21.0,15.0,29.0,19.0,97.0,97.0,11.0,24.0,0.0,1.0,7.0,4.0,0.0,3.0,3.0,1.0,3.0,9.0,7.0,2.0,5.0,4.0,1.0,81.0,76.0,30.0,17.0,35.0,35.0,117.0,90.0,26.0,19.0,1.0,2.0
Racing Santander,1.0,0.0,1.0,0.0,1.0,0.0,0.0,1.0,1.0,0.0,1.0,0.0,1.0,9.0,15.0,1.0,2.0,2.0,4.0,21.0,21.0,2.0,3.0,0.0,0.0,1.0,0.0,1.0,0.0,0.0,0.0,1.0,3.0,3.0,0.0,1.0,2.0,-1.0,12.0,16.0,7.0,8.0,4.0,2.0,17.0,14.0,5.0,1.0,0.0,0.0
