Div,Date,Time,HomeTeam,AwayTeam,FTHG,FTAG,FTR,HTHG,HTAG,HTR,HS,AS,HST,AST,HF,AF,HC,AC,HY,AY,HR,AR,B365H,B365D,B365A,BWH,BWD,BWA,IWH,IWD,IWA,PSH,PSD,PSA,WHH,WHD,WHA,VCH,VCD,VCA,MaxH,MaxD,MaxA,AvgH,AvgD,AvgA,B365>2.5,B365<2.5,P>2.5,P<2.5,Max>2.5,Max<2.5,Avg>2.5,Avg<2.5,AHh,B365AHH,B365AHA,PAHH,PAHA,MaxAHH,MaxAHA,AvgAHH,AvgAHA,B365CH,B365CD,B365CA,BWCH,BWCD,BWCA,IWCH,IWCD,IWCA,PSCH,PSCD,PSCA,WHCH,WHCD,WHCA,VCCH,VCCD,VCCA,MaxCH,MaxCD,MaxCA,AvgCH,AvgCD,AvgCA,B365C>2.5,B365C<2.5,PC>2.5,PC<2.5,MaxC>2.5,MaxC<2.5,AvgC>2.5,AvgC<2.5,AHCh,B365CAHH,B365CAHA,PCAHH,PCAHA,MaxCAHH,MaxCAHA,AvgCAHH,AvgCAHA
F2,01/11/2019,19:00,Ajaccio,Rodez,1,0,H,0,0,D,8,6,2,1,10,16,7,3,0,0,0,0,1.9,3.1,4.5,2,3,4,1.97,3,4.15,2.03,3.16,4.43,1.95,3.1,4.4,2,3,4.5,2.05,3.2,4.6,1.99,3.05,4.23,2.5,1.5,2.67,1.51,2.69,1.53,2.57,1.48,-0.5,2,1.85,2.03,1.86,2.05,1.89,2,1.84,1.95,3,4.5,1.85,3.1,4.6,1.9,3.05,4.45,2.03,3,4.79,2,3,4.33,1.95,3.1,4.5,2.08,3.25,4.79,1.96,3.02,4.4,2.5,1.5,2.66,1.51,2.72,1.53,2.55,1.49,-0.5,2,1.85,2.03,1.86,2.04,1.9,1.98,1.86
F2,01/11/2019,19:00,Caen,Orleans,2,1,H,1,0,H,11,15,4,5,15,15,5,3,2,3,0,0,2.05,3.3,3.6,2,3.1,3.9,2.1,3,3.7,2.17,3.1,3.98,2.1,3.1,3.9,2.15,3,3.9,2.18,3.3,3.98,2.11,3.05,3.76,2.4,1.53,2.43,1.6,2.5,1.61,2.4,1.55,-0.25,1.83,2.02,1.83,2.07,1.86,2.09,1.82,2.03,2.05,3.3,3.6,2,3.1,3.9,2.05,3,3.8,2.16,2.96,4.25,2.1,3,4,2.1,3,4,2.16,3.3,4.25,2.1,3,3.88,2.5,1.5,2.6,1.53,2.6,1.58,2.46,1.53,-0.25,1.77,2.1,1.81,2.09,1.83,2.17,1.79,2.07
F2,01/11/2019,19:00,Chambly,Guingamp,1,5,A,1,2,A,14,16,4,7,15,14,5,4,3,3,0,0,3.4,3,2.3,3.4,3,2.2,3.35,2.95,2.25,3.59,3.02,2.35,3.5,3,2.3,3.5,3,2.3,3.59,3.1,2.4,3.39,2.96,2.29,2.4,1.53,2.61,1.53,2.63,1.55,2.49,1.51,0.25,1.88,1.98,1.91,1.99,1.91,2.04,1.87,1.97,3.4,3,2.3,3.4,3,2.2,3.25,2.9,2.35,3.61,2.82,2.48,3.4,2.88,2.38,3.3,2.9,2.45,3.61,3.05,2.48,3.38,2.87,2.36,2.5,1.5,2.63,1.52,2.63,1.56,2.5,1.51,0.25,1.8,2.05,1.84,2.06,1.87,2.11,1.82,2.02
F2,01/11/2019,19:00,Chateauroux,Auxerre,1,0,H,0,0,D,10,15,3,3,13,8,6,7,2,2,0,1,3.6,2.9,2.25,3.3,2.9,2.3,3.3,2.95,2.3,3.53,3.05,2.36,3.4,2.9,2.35,3.5,2.9,2.38,3.6,3.05,2.42,3.36,2.93,2.33,2.5,1.5,2.59,1.53,2.59,1.57,2.48,1.52,0.25,1.85,2,1.9,2,1.91,2.02,1.86,1.99,3.3,2.9,2.37,3.3,2.9,2.3,3.2,2.85,2.35,3.47,2.87,2.51,3.3,2.9,2.4,3.25,2.9,2.45,3.47,3.05,2.51,3.29,2.88,2.39,2.4,1.53,2.57,1.54,2.61,1.58,2.46,1.53,0.25,1.8,2.05,1.81,2.09,1.85,2.11,1.8,2.04
F2,01/11/2019,19:00,Troyes,Valenciennes,1,0,H,0,0,D,17,9,8,3,17,20,7,7,3,3,1,0,1.57,3.8,6,1.55,3.75,6,1.55,3.7,6.2,1.58,3.79,6.94,1.53,3.75,7,1.55,3.75,7,1.6,3.9,7,1.55,3.73,6.41,2.07,1.72,2.19,1.72,2.21,1.78,2.11,1.71,-1,2.05,1.8,2.08,1.83,2.1,1.86,2.04,1.81,1.55,4,6,1.55,3.75,6,1.53,3.75,6.4,1.56,3.82,7.44,1.55,3.75,7,1.55,3.75,7,1.62,4,7.44,1.55,3.73,6.48,2.07,1.72,2.11,1.78,2.2,1.78,2.1,1.72,-1,2.05,1.8,2.04,1.85,2.13,1.86,2.04,1.81
F2,02/11/2019,14:00,Clermont,Le Mans,0,1,A,0,1,A,14,8,3,2,14,15,7,1,2,4,1,0,1.61,3.6,5.75,1.65,3.5,5.25,1.65,3.55,5.2,1.69,3.46,6.32,1.65,3.7,5.5,1.65,3.7,5.75,1.7,3.8,6.32,1.67,3.51,5.4,1.9,1.9,1.92,1.93,1.98,1.98,1.9,1.89,-0.75,1.85,2,1.9,1.97,1.93,2.04,1.88,1.97,1.57,3.6,6,1.65,3.5,5.25,1.6,3.55,5.6,1.68,3.59,6.16,1.65,3.5,6,1.65,3.6,6,1.69,3.67,6.2,1.64,3.51,5.75,1.95,1.85,1.93,1.94,1.99,1.96,1.91,1.88,-0.75,1.83,2.02,1.88,2.02,1.88,2.06,1.85,2
F2,02/11/2019,14:00,Grenoble,Paris FC,0,0,D,0,0,D,7,12,4,5,15,20,3,1,2,2,2,0,1.9,3.1,4.5,1.87,3.1,4.5,1.93,3,4.45,2.02,3.04,4.78,1.95,3.1,4.5,1.95,3,4.75,2.02,3.11,4.78,1.95,3.01,4.44,2.7,1.44,2.76,1.45,2.86,1.48,2.71,1.44,-0.5,1.98,1.88,2,1.86,2.01,1.93,1.97,1.87,2,3.1,4.33,1.91,2.95,4.5,2,2.9,4.15,2.07,2.95,4.67,2.05,3,4.2,2.05,3,4.33,2.09,3.15,4.67,2.02,2.95,4.27,2.7,1.44,2.85,1.45,2.86,1.5,2.71,1.44,-0.5,2.1,1.77,2.07,1.83,2.13,1.85,2.05,1.8
F2,02/11/2019,14:00,Lens,Lorient,1,0,H,0,0,D,10,7,4,3,14,18,6,3,5,3,0,0,2.3,2.87,3.5,2.25,2.9,3.4,2.25,3,3.3,2.43,2.99,3.45,2.35,3,3.3,2.38,3,3.4,2.43,3.15,3.5,2.31,2.99,3.31,2.3,1.6,2.35,1.61,2.45,1.64,2.31,1.59,-0.25,1.98,1.88,2.03,1.83,2.03,1.92,1.98,1.86,2.45,2.87,3.25,2.25,2.9,3.4,2.35,2.95,3.15,2.55,2.98,3.25,2.45,3,3.1,2.5,3,3.13,2.6,3.13,3.45,2.38,2.96,3.21,2.35,1.57,2.48,1.58,2.48,1.65,2.36,1.57,-0.25,2.15,1.73,2.14,1.78,2.17,1.92,2.06,1.8
F2,02/11/2019,14:00,Niort,Sochaux,0,2,A,0,0,D,9,15,1,6,19,8,5,7,3,1,0,0,3.1,2.87,2.5,2.9,2.85,2.6,3,2.75,2.6,3.23,2.78,2.74,3.1,2.8,2.62,3.2,2.8,2.6,3.23,2.94,2.74,3.05,2.8,2.6,2.87,1.4,2.99,1.4,2.99,1.46,2.83,1.41,0,2.13,1.75,2.1,1.77,2.19,1.81,2.09,1.77,3,2.87,2.7,3,2.8,2.55,2.85,2.75,2.75,2.99,2.84,2.87,2.88,2.8,2.8,2.88,2.8,2.88,3.3,2.91,2.94,2.95,2.78,2.72,2.87,1.4,3,1.41,3,1.45,2.86,1.4,0,1.93,1.93,1.99,1.91,2.2,1.97,1.98,1.87
F2,04/11/2019,19:45,Le Havre,Nancy,1,1,D,1,0,H,12,13,7,4,17,20,5,3,2,3,0,0,2.2,3.1,3.5,2.2,3,3.4,2.15,3.05,3.45,2.26,3.07,3.74,2.2,3.1,3.6,2.25,3,3.6,2.27,3.15,3.74,2.19,3.04,3.49,2.3,1.6,2.38,1.58,2.41,1.65,2.3,1.59,-0.25,1.9,1.95,1.89,1.96,1.95,2.01,1.88,1.95,2.45,3.1,3.1,2.4,3,3,2.4,2.9,3.15,2.59,2.94,3.25,2.5,2.88,3.2,2.55,2.9,3.13,2.59,3.1,3.3,2.46,2.92,3.12,2.4,1.53,2.59,1.53,2.59,1.58,2.47,1.52,-0.25,2.13,1.75,2.17,1.76,2.19,1.82,2.12,1.76
F1,02/11/2019,19:00,Amiens,Brest,1,0,H,1,0,H,6,14,2,3,12,11,3,9,3,1,0,0,1.72,3.6,5,1.75,3.7,4.75,1.77,3.7,4.6,1.76,3.91,4.81,1.73,3.75,4.6,1.73,3.7,4.8,1.8,3.95,5,1.76,3.76,4.64,1.9,1.9,2,1.9,2.01,1.91,1.96,1.85,-0.75,2.03,1.9,2.03,1.88,2.03,1.9,2,1.87,1.61,3.75,6,1.65,3.8,5.5,1.6,3.85,5.8,1.6,3.99,6.34,1.57,3.9,6,1.6,3.8,5.75,1.7,4.1,6.44,1.62,3.86,5.83,2,1.8,2,1.9,2.13,1.94,1.98,1.83,-0.75,1.83,2.1,1.79,2.13,1.95,2.14,1.81,2.07
F1,02/11/2019,19:00,Angers,Strasbourg,1,0,H,1,0,H,9,8,5,3,13,20,4,8,1,1,0,0,2.05,3.1,4.2,2.1,3.1,4,2.05,3.15,4,2.07,3.11,4.45,2,3.2,4,2.05,3.2,3.9,2.11,3.3,4.45,2.06,3.13,4.08,2.37,1.57,2.47,1.59,2.47,1.63,2.4,1.57,-0.5,2.09,1.84,2.07,1.85,2.1,1.85,2.06,1.81,2.1,3.1,4,2.2,3,3.8,2.1,3.15,3.95,2.2,3.16,3.87,2.1,3,4,2.2,3.1,3.6,2.25,3.21,4.32,2.15,3.09,3.82,2.37,1.57,2.43,1.61,2.49,1.62,2.4,1.57,-0.25,1.89,2.04,1.86,2.05,1.9,2.14,1.85,2.03
F1,02/11/2019,16:30,Marseille,Lille,2,1,H,0,0,D,11,6,1,2,13,15,4,4,1,3,0,0,2.2,3.2,3.5,2.25,3.3,3.3,2.25,3.25,3.3,2.3,3.29,3.43,2.25,3.2,3.3,2.25,3.25,3.25,2.33,3.4,3.5,2.26,3.26,3.33,2.1,1.72,2.14,1.78,2.14,1.8,2.07,1.76,-0.25,1.98,1.95,1.98,1.94,1.98,1.98,1.94,1.93,2.05,3.3,3.8,2,3.3,4.1,2.15,3.25,3.65,2.15,3.22,3.94,2.05,3.2,3.9,2.05,3.2,3.9,2.25,3.36,4.15,2.1,3.22,3.83,2.3,1.61,2.39,1.63,2.42,1.77,2.29,1.63,-0.25,1.84,2.09,1.83,2.1,1.95,2.18,1.81,2.07
F1,02/11/2019,19:00,Metz,Montpellier,2,2,D,1,0,H,11,12,4,4,12,19,5,3,1,2,0,0,2.75,3,2.87,2.7,3,2.9,2.65,3.1,2.9,2.79,3.19,2.79,2.7,3.1,2.7,2.7,3,2.8,2.8,3.22,2.91,2.7,3.08,2.81,2.5,1.53,2.49,1.59,2.55,1.6,2.44,1.55,0,1.95,1.98,1.96,1.96,1.96,1.99,1.9,1.96,3.25,3,2.37,3.1,3,2.55,3.2,2.95,2.5,3.35,2.95,2.56,3.2,3,2.45,3.1,2.9,2.55,3.4,3.1,2.7,3.18,2.96,2.52,2.75,1.44,2.88,1.46,2.88,1.57,2.66,1.48,0.25,1.81,2.13,1.79,2.14,1.85,2.22,1.77,2.13
F1,02/11/2019,19:00,Toulouse,Lyon,2,3,A,1,1,D,12,21,5,8,10,4,5,5,3,0,0,0,5,3.6,1.75,4.5,3.75,1.78,4.35,3.85,1.77,4.5,3.81,1.83,4.33,3.75,1.78,4.4,3.8,1.75,5,3.92,1.84,4.42,3.77,1.79,1.72,2.1,1.74,2.19,1.79,2.2,1.72,2.13,0.75,1.87,2.06,1.85,2.07,1.88,2.07,1.85,2.02,5,3.8,1.66,5,4,1.67,4.4,3.7,1.8,4.66,4.08,1.75,4.8,3.9,1.67,4.6,3.9,1.7,5.25,4.2,1.8,4.67,3.95,1.72,1.61,2.3,1.68,2.3,1.69,2.37,1.64,2.25,0.75,1.98,1.95,1.96,1.96,1.99,1.96,1.94,1.93
F1,03/11/2019,14:00,Bordeaux,Nantes,2,0,H,1,0,H,10,9,7,2,18,17,6,9,4,3,0,0,2.25,3,3.75,2.35,3,3.4,2.35,2.95,3.45,2.37,3.07,3.54,2.3,3,3.4,2.3,2.9,3.4,2.38,3.16,3.75,2.33,3.02,3.46,2.75,1.44,2.89,1.45,2.89,1.49,2.75,1.45,-0.25,2,1.93,2.01,1.91,2.01,1.94,1.97,1.89,2.45,3,3.2,2.45,2.85,3.4,2.4,2.9,3.45,2.59,2.9,3.35,2.45,2.9,3.25,2.45,2.9,3.25,2.63,3.07,3.6,2.5,2.88,3.31,2.75,1.44,2.84,1.47,3,1.49,2.77,1.44,-0.25,2.16,1.78,2.16,1.78,2.2,1.95,2.11,1.78
F1,03/11/2019,16:00,Nice,Reims,2,0,H,2,0,H,12,11,6,3,11,17,5,4,1,3,0,1,2.7,3.1,2.8,2.7,3,2.85,2.65,3.1,2.85,2.69,3.1,2.99,2.62,3,2.88,2.6,3,2.88,2.73,3.17,3,2.63,3.05,2.9,2.5,1.53,2.61,1.54,2.61,1.56,2.5,1.53,0,1.85,2.08,1.85,2.07,1.88,2.11,1.83,2.04,2.7,3.1,2.8,2.95,2.9,2.7,2.9,3,2.65,2.89,3,2.86,2.8,3,2.7,2.8,3,2.7,3.02,3.16,3.04,2.83,2.98,2.76,2.5,1.53,2.65,1.53,2.65,1.56,2.52,1.52,0,2,1.93,1.97,1.94,2.02,2.06,1.96,1.91
F1,03/11/2019,20:00,St Etienne,Monaco,1,0,H,0,0,D,12,11,5,2,13,10,2,1,1,1,0,1,2.9,3.25,2.5,2.8,3.5,2.45,2.8,3.5,2.45,2.94,3.54,2.46,2.8,3.6,2.35,2.8,3.4,2.38,2.94,3.74,2.5,2.83,3.49,2.43,1.72,2.1,1.72,2.21,1.76,2.21,1.72,2.13,0.25,1.72,2.07,1.8,2.12,1.82,2.16,1.77,2.1,3,3.5,2.3,3.1,3.5,2.25,2.8,3.4,2.5,3.09,3.45,2.4,3,3.4,2.3,3,3.4,2.3,3.15,3.58,2.5,3.02,3.41,2.35,1.8,2,1.85,2.05,1.9,2.17,1.8,2.02,0.25,1.89,2.04,1.85,2.07,1.96,2.1,1.84,2.04
SP2,01/11/2019,15:00,Cadiz,Sp Gijon,3,1,H,1,0,H,10,12,5,2,16,12,6,6,3,4,0,0,2.2,3.1,3.5,2.2,3,3.8,2.25,2.85,3.75,2.3,2.98,3.79,2.15,2.88,3.9,2.3,2.9,3.7,2.3,3.1,3.9,2.23,2.9,3.65,2.87,1.4,2.95,1.43,3.15,1.44,2.86,1.4,-0.25,1.9,1.95,1.93,1.97,1.95,2.02,1.9,1.94,2.2,3.1,3.5,2.2,3,3.8,2.25,2.85,3.75,2.3,2.98,3.79,2.15,2.88,3.9,2.3,2.9,3.7,2.3,3.1,3.9,2.23,2.9,3.65,2.87,1.4,2.95,1.43,3.15,1.44,2.86,1.4,-0.25,1.9,1.95,1.93,1.97,1.95,2.02,1.9,1.94
SP2,01/11/2019,11:00,Numancia,Albacete,1,0,H,0,0,D,12,12,2,2,14,15,8,2,2,5,0,1,2.1,3.2,3.6,2.25,3,3.5,2.2,2.95,3.7,2.24,2.99,3.93,2.25,2.9,3.5,2.25,3,3.75,2.26,3.2,3.93,2.2,2.95,3.65,2.5,1.5,2.54,1.55,2.67,1.55,2.51,1.51,-0.25,1.88,1.98,1.88,2.01,1.96,2.02,1.87,1.97,2.1,3.2,3.6,2.25,3,3.5,2.2,2.95,3.7,2.24,2.99,3.93,2.25,2.9,3.5,2.25,3,3.75,2.26,3.2,3.93,2.2,2.95,3.65,2.5,1.5,2.54,1.55,2.67,1.55,2.51,1.51,-0.25,1.88,1.98,1.88,2.01,1.96,2.02,1.87,1.97
SP2,01/11/2019,20:00,Oviedo,Almeria,0,0,D,0,0,D,15,6,1,1,20,27,5,3,1,3,0,0,2.37,3,3.3,2.3,3,3.4,2.35,3.1,3.2,2.41,3.14,3.31,2.3,3.1,3.2,2.4,3.1,3.2,2.43,3.2,3.4,2.34,3.07,3.18,2.25,1.61,2.32,1.65,2.36,1.67,2.28,1.62,-0.25,2.02,1.83,2.05,1.85,2.06,1.88,2.02,1.83,2.3,3,3.5,2.3,3,3.4,2.25,3.05,3.4,2.46,2.98,3.42,2.3,3.1,3.2,2.25,3.1,3.5,2.46,3.2,3.55,2.29,3.01,3.35,2.35,1.57,2.43,1.6,2.47,1.66,2.34,1.59,-0.25,2,1.85,2.07,1.83,2.08,1.96,1.98,1.88
SP2,01/11/2019,17:30,Ponferradina,Malaga,1,0,H,0,0,D,14,12,6,2,17,15,1,3,1,2,0,0,2.75,3,2.75,2.75,2.95,2.8,2.75,2.9,2.8,2.85,2.94,2.91,2.7,2.9,2.8,2.75,3,2.8,2.85,3.04,2.91,2.74,2.89,2.8,2.5,1.5,2.59,1.53,2.63,1.55,2.52,1.5,0,1.9,1.95,1.93,1.97,1.96,1.99,1.9,1.94,2.75,3,2.75,2.75,2.95,2.8,2.75,2.9,2.8,3,2.96,2.75,2.7,2.9,2.8,3,2.9,2.7,3.05,3.02,2.85,2.83,2.88,2.72,2.6,1.47,2.64,1.52,2.67,1.55,2.56,1.49,0,2.02,1.83,2.04,1.86,2.08,1.96,1.99,1.86
SP2,02/11/2019,17:00,Alcorcon,Racing Santander,1,0,H,1,0,H,12,12,3,2,20,11,5,5,5,4,0,0,2,3.1,4.2,1.95,3.1,4.4,2.05,3.05,4,2.1,3.11,4.22,2.05,3,4,2.1,3.13,4,2.13,3.15,4.4,2.05,3.01,3.99,2.4,1.53,2.48,1.56,2.65,1.58,2.48,1.52,-0.25,1.72,2.07,1.76,2.13,1.81,2.16,1.76,2.09,2,3.1,4.2,2.1,3,4,2.2,2.95,3.65,2.27,2.94,3.93,2.05,3,4,2.2,3,3.8,2.29,3.1,4.2,2.18,2.93,3.75,2.4,1.53,2.63,1.52,2.64,1.58,2.5,1.51,-0.25,1.72,2.07,1.9,2,1.92,2.08,1.86,1.98
SP2,02/11/2019,15:00,Fuenlabrada,La Coruna,1,1,D,1,0,H,10,6,1,1,14,26,3,2,1,3,0,0,2.37,3,3.2,2.3,3.1,3.3,2.35,3.05,3.25,2.35,3.05,3.36,2.38,2.9,3.25,2.4,3,3.3,2.43,3.15,3.38,2.33,3,3.24,2.4,1.53,2.45,1.54,2.53,1.59,2.42,1.54,-0.25,2.02,1.83,2,1.85,2.08,1.91,2,1.84,2.3,3,3.4,2.3,3.1,3.3,2.35,2.95,3.35,2.32,3.04,3.43,2.38,2.9,3.25,2.3,3,3.5,2.46,3.1,3.6,2.32,2.96,3.34,2.7,1.44,2.67,1.47,2.77,1.55,2.62,1.47,-0.25,1.98,1.88,1.97,1.88,2.04,1.94,1.97,1.87
SP2,02/11/2019,19:00,Tenerife,Huesca,0,0,D,0,0,D,9,11,1,3,18,13,2,1,4,2,1,0,2.75,3.2,2.55,2.85,3.1,2.6,2.75,3.1,2.65,2.71,3.18,2.72,2.7,3.1,2.62,2.8,3.1,2.7,2.85,3.22,2.78,2.71,3.07,2.64,2.25,1.61,2.28,1.62,2.38,1.67,2.26,1.61,0,1.95,1.9,1.92,1.92,2,1.95,1.93,1.9,2.87,3.2,2.45,2.85,3.1,2.6,2.85,3.1,2.55,2.99,3.11,2.64,2.7,3.1,2.62,3,3.1,2.55,3.05,3.22,2.67,2.87,3.04,2.56,2.3,1.6,2.35,1.63,2.39,1.68,2.29,1.61,0,2.05,1.8,2.07,1.83,2.12,1.86,2.04,1.81
SP2,03/11/2019,19:00,Elche,Mirandes,4,2,H,2,1,H,8,14,4,7,21,15,5,7,2,3,0,0,2,3.1,4.2,1.95,3.1,4.4,2,3.1,4.1,2.04,3.1,4.51,1.95,3.1,4.2,2,3.2,4.2,2.06,3.2,4.51,2,3.05,4.14,2.4,1.53,2.47,1.57,2.55,1.59,2.43,1.54,-0.5,2,1.85,2.03,1.85,2.06,1.89,2.01,1.82,2.05,3.1,3.8,2.2,2.95,3.75,2.15,3,3.85,2.18,2.98,4.15,2.1,2.9,4,2.1,3,4.2,2.25,3.2,4.2,2.15,2.95,3.83,2.5,1.5,2.66,1.51,2.66,1.6,2.5,1.51,-0.25,1.77,2.1,1.83,2.07,1.92,2.13,1.82,2.03
SP2,03/11/2019,11:00,Extremadura UD,Girona,1,3,A,0,2,A,19,11,3,5,13,15,7,2,3,3,0,0,3.6,2.9,2.25,3.25,3,2.4,3.3,2.95,2.35,3.42,2.95,2.39,3.3,2.9,2.35,3.2,3,2.45,3.6,3.07,2.45,3.28,2.95,2.35,2.35,1.57,2.41,1.56,2.48,1.62,2.37,1.56,0.25,1.8,2.05,1.83,2,1.88,2.12,1.81,2.02,3.25,2.9,2.45,3.25,3,2.4,3.05,3.05,2.45,3.13,3.11,2.51,3.25,2.9,2.38,3.1,3.1,2.45,3.25,3.15,2.51,3.07,3.02,2.42,2.15,1.66,2.22,1.69,2.38,1.71,2.21,1.65,0.25,1.77,2.1,1.77,2.12,1.82,2.16,1.77,2.08
SP2,03/11/2019,15:00,Lugo,Vallecano,1,0,H,0,0,D,6,20,2,5,14,14,4,8,0,1,0,0,3.5,3.2,2.15,3.4,3.1,2.25,3.4,3.3,2.15,3.59,3.17,2.19,3.5,3.1,2.15,3.5,3.25,2.2,3.7,3.31,2.25,3.42,3.17,2.17,2,1.8,1.93,1.88,2.05,1.92,1.96,1.83,0.25,2,1.85,1.97,1.86,2.06,1.9,1.99,1.84,3.8,3.25,2,3.7,3.2,2.1,3.65,3.25,2.1,4,3.21,2.09,3.5,3.2,2.1,3.8,3.2,2.1,4,3.3,2.15,3.71,3.17,2.07,2.07,1.72,2.1,1.78,2.15,1.81,2.06,1.75,0.5,1.8,2.05,1.8,2.09,1.84,2.12,1.78,2.07
SP2,03/11/2019,17:30,Zaragoza,Las Palmas,3,0,H,2,0,H,14,12,7,6,13,16,4,6,2,5,0,1,1.83,3.6,4.2,1.9,3.5,4,1.87,3.5,4.15,1.93,3.3,4.41,2.1,3.1,3.7,1.87,3.5,4.33,2,3.7,4.49,1.88,3.41,4.07,2.05,1.75,1.99,1.82,2.16,1.88,2.02,1.78,-0.5,1.88,1.98,1.92,1.92,1.92,2.03,1.87,1.95,2,3.2,4,2.05,3.25,3.8,2.1,3.3,3.55,2.1,3.28,3.83,1.95,3.25,4,2.1,3.3,3.7,2.16,3.38,4,2.06,3.23,3.7,2,1.8,2.01,1.85,2.06,1.89,1.99,1.81,-0.25,1.77,2.1,1.79,2.09,1.84,2.16,1.78,2.08
SP1,02/11/2019,12:00,Espanol,Valencia,1,2,A,1,0,H,13,11,4,4,20,14,5,5,0,1,0,0,2.7,3.3,2.62,2.75,3.2,2.65,2.75,3.2,2.65,2.78,3.27,2.75,2.75,3.2,2.7,2.7,3.3,2.63,2.85,3.34,2.77,2.77,3.21,2.68,2.1,1.72,2.16,1.76,2.25,1.77,2.14,1.72,0,1.99,1.94,1.97,1.95,2,1.95,1.96,1.91,2.45,3.3,2.87,2.4,3.25,3.1,2.5,3.1,3.05,2.55,3.14,3.14,2.5,3.25,2.9,2.5,3.13,3,2.7,3.38,3.25,2.51,3.13,3.05,2.37,1.57,2.41,1.62,2.45,1.71,2.34,1.61,0,1.77,2.02,1.76,2.18,1.9,2.23,1.77,2.13
SP1,02/11/2019,15:00,Levante,Barcelona,3,1,H,0,1,A,9,9,3,6,9,13,2,3,1,6,0,0,9,5.75,1.3,9,6,1.3,8.2,5.7,1.33,7.96,6.34,1.33,8,6,1.32,8.5,6,1.3,10,6.43,1.36,8.36,5.92,1.32,1.36,3.2,1.39,3.19,1.41,3.2,1.37,3.06,1.5,2.04,1.89,2.01,1.91,2.04,1.91,2,1.87,9,7,1.25,8.75,6.5,1.28,9.6,5.5,1.3,8.39,7.77,1.27,9,7,1.25,9.5,6.5,1.25,10,7.89,1.32,8.81,6.72,1.28,1.25,4,1.26,4.1,1.36,4.3,1.26,3.8,1.75,2.06,1.87,2.04,1.88,2.08,1.98,2.01,1.88
SP1,02/11/2019,20:00,Real Madrid,Betis,0,0,D,0,0,D,22,13,7,3,11,17,9,4,2,4,0,0,1.25,6.5,9,1.26,6.25,10,1.3,6.1,9,1.27,6.63,10.27,1.27,6,10,1.25,6.5,10,1.31,6.65,11,1.28,6.27,9.58,1.33,3.4,1.34,3.47,1.37,3.47,1.34,3.24,-1.75,1.98,1.95,2.01,1.91,2.01,1.96,1.96,1.91,1.22,6.5,10,1.22,7,11,1.25,6.5,10,1.23,7.37,12.1,1.2,7,13,1.2,7,13,1.25,7.5,13,1.23,7.07,11.16,1.28,3.75,1.29,3.82,1.34,3.82,1.29,3.59,-2,2,1.93,1.99,1.93,2.03,1.95,1.97,1.9
SP1,02/11/2019,17:30,Sevilla,Ath Madrid,1,1,D,1,0,H,11,14,4,5,13,16,6,3,4,3,0,0,2.3,3.2,3.3,2.4,3.1,3.2,2.35,3.1,3.25,2.46,3.11,3.32,2.38,3.2,3.2,2.38,3.13,3.2,2.46,3.25,3.35,2.39,3.14,3.24,2.5,1.53,2.62,1.53,2.62,1.58,2.49,1.54,-0.25,2.06,1.87,2.08,1.84,2.08,1.88,2.04,1.84,2.45,3.2,3.1,2.4,3.1,3.2,2.45,3.05,3.2,2.46,3.1,3.33,2.45,3.1,3.1,2.4,3.13,3.1,2.55,3.24,3.39,2.47,3.07,3.18,2.5,1.53,2.55,1.56,2.56,1.62,2.44,1.56,-0.25,2.1,1.83,2.08,1.84,2.14,1.87,2.09,1.81
SP1,03/11/2019,17:30,Celta,Getafe,0,1,A,0,1,A,6,9,2,5,6,19,4,4,3,3,0,0,2.5,3.1,3,2.55,3.1,2.95,2.55,3.05,3,2.64,3.06,3.1,2.6,3,3,2.55,3.1,2.9,2.67,3.14,3.13,2.57,3.05,3.02,2.5,1.53,2.49,1.58,2.5,1.6,2.41,1.56,0,1.81,2.13,1.8,2.12,1.83,2.13,1.79,2.09,2.45,3.1,3.1,2.4,3.1,3.25,2.5,3,3.2,2.41,3.15,3.37,2.4,3.1,3.2,2.4,3.1,3.2,2.52,3.17,3.55,2.43,3.05,3.25,2.5,1.53,2.45,1.6,2.69,1.6,2.52,1.53,-0.25,2.08,1.85,2.04,1.87,2.12,1.87,2.07,1.82
SP1,03/11/2019,20:00,Granada,Sociedad,1,2,A,1,1,D,5,9,3,5,15,19,4,5,0,2,0,0,3.1,3.2,2.45,3,3.2,2.5,3.05,3.1,2.5,3.14,3.24,2.49,3,3.2,2.45,3,3.13,2.45,3.14,3.29,2.52,3.05,3.17,2.47,2.37,1.57,2.41,1.62,2.43,1.64,2.36,1.59,0.25,1.72,2.07,1.81,2.12,1.81,2.2,1.77,2.11,2.62,3.2,2.87,2.8,3.2,2.65,2.7,3.1,2.85,2.76,3.13,2.88,2.7,3.1,2.8,2.7,3.13,2.75,2.95,3.23,2.95,2.72,3.11,2.8,2.5,1.53,2.49,1.58,2.56,1.66,2.41,1.57,0,1.92,2.01,1.92,2,1.96,2.06,1.89,1.99
SP1,03/11/2019,17:30,Leganes,Eibar,1,2,A,1,1,D,12,7,5,4,16,20,4,2,5,2,0,0,2.25,3.1,3.5,2.25,3.2,3.4,2.35,3.1,3.35,2.38,3.25,3.31,2.35,3.2,3.25,2.3,3.1,3.3,2.41,3.3,3.6,2.32,3.17,3.32,2.5,1.53,2.61,1.54,2.61,1.57,2.51,1.52,-0.25,2.02,1.91,2.04,1.88,2.04,1.91,2,1.87,2.15,3.1,3.75,2.3,3.1,3.4,2.2,3,3.8,2.21,3.04,4.04,2.15,3.1,3.8,2.15,3.1,3.75,2.35,3.2,4.08,2.21,3.06,3.75,2.62,1.5,2.72,1.5,2.72,1.56,2.6,1.5,-0.25,1.86,2.07,1.86,2.06,1.97,2.11,1.86,2.02
SP1,03/11/2019,15:00,Osasuna,Alaves,4,2,H,3,1,H,19,11,6,3,13,17,5,1,4,2,0,0,2.1,2.87,4.5,2.1,2.9,4.33,2.05,3.05,4.25,2.07,3.15,4.36,2.1,3,4.2,2.05,3.13,4,2.15,3.16,4.5,2.08,3.04,4.25,2.62,1.5,2.7,1.51,2.76,1.51,2.65,1.47,-0.25,1.79,2.15,1.75,2.2,1.8,2.21,1.76,2.14,1.75,3.4,5.25,1.8,3.3,5.25,1.85,3.3,4.8,1.81,3.54,5.12,1.78,3.4,5.25,1.8,3.4,4.8,1.87,3.55,5.5,1.81,3.39,5.09,2.2,1.66,2.24,1.71,2.5,1.76,2.29,1.63,-0.75,2.02,1.77,2.1,1.82,2.14,1.86,2.08,1.81
SP1,03/11/2019,11:00,Valladolid,Mallorca,3,0,H,1,0,H,12,14,6,1,15,20,2,6,5,4,0,0,2,3.3,4,2.05,3.3,3.8,2.1,3.2,3.85,2.09,3.38,3.93,2.05,3.3,3.8,2.05,3.2,3.9,2.11,3.38,4,2.07,3.29,3.86,2.5,1.53,2.56,1.56,2.57,1.58,2.47,1.54,-0.5,2.07,1.86,2.09,1.83,2.1,1.87,2.07,1.82,1.9,3.2,4.33,1.91,3.4,4.33,1.93,3.25,4.5,1.96,3.33,4.6,1.95,3.25,4.4,1.95,3.25,4.3,2.04,3.4,4.75,1.95,3.26,4.44,2.5,1.53,2.72,1.51,2.72,1.56,2.58,1.51,-0.5,2.02,1.91,1.96,1.96,2.04,1.97,1.96,1.92
SP1,03/11/2019,13:00,Villarreal,Ath Bilbao,0,0,D,0,0,D,11,12,7,2,10,8,8,10,2,0,0,0,1.83,3.6,4.5,1.85,3.5,4.4,1.87,3.45,4.3,1.92,3.5,4.53,1.85,3.5,4.4,1.83,3.5,4.3,1.95,3.65,4.59,1.88,3.5,4.36,2.1,1.72,2.15,1.77,2.16,1.8,2.07,1.76,-0.5,1.91,2.02,1.92,2,1.92,2.04,1.88,1.98,2.05,3.3,4,2.05,3.3,3.8,2.1,3.25,3.75,2.12,3.3,3.93,2.1,3.2,3.8,2.1,3.3,3.7,2.17,3.4,4.04,2.1,3.24,3.85,2.2,1.66,2.25,1.7,2.35,1.77,2.18,1.69,-0.25,1.81,2.13,1.81,2.12,1.84,2.2,1.79,2.11
I2,01/11/2019,20:00,Spezia,Chievo,0,0,D,0,0,D,5,20,0,7,19,20,5,6,3,1,0,0,2.37,3.2,3,2.5,3.1,2.95,2.35,3.05,3.05,2.52,3.07,3.21,2.4,3,3.1,2.5,3,3.13,2.52,3.2,3.25,2.42,3.03,3.05,2.25,1.61,2.3,1.66,2.38,1.68,2.24,1.63,-0.25,2.1,1.77,2.12,1.79,2.17,1.82,2.08,1.77,2.2,3.2,3.3,2.4,2.85,3.4,2.25,2.9,3.4,2.38,2.85,3.8,2.4,3,3.1,2.25,3,3.7,2.45,3.2,3.8,2.32,2.9,3.43,2.4,1.53,2.53,1.56,2.53,1.62,2.4,1.56,-0.25,1.93,1.93,1.98,1.92,2,1.98,1.94,1.9
I2,02/11/2019,14:00,Ascoli,Venezia,1,1,D,0,0,D,7,13,3,2,19,18,3,7,2,4,0,0,1.95,3.2,4.2,2.05,3.2,3.9,2,3.15,3.75,2.08,3.09,4.31,2,3.1,4,2.05,3.2,4,2.1,3.2,4.31,2.04,3.1,3.9,2.1,1.7,2.19,1.72,2.21,1.75,2.13,1.69,-0.5,2.05,1.8,2.08,1.82,2.08,1.84,2.05,1.8,2.05,3.1,4,2.05,3.2,3.9,2,3.15,3.75,2.12,3.1,4.15,2,3.1,4,2.1,3.13,3.9,2.15,3.2,4.15,2.07,3.07,3.88,2.1,1.7,2.15,1.75,2.2,1.77,2.12,1.7,-0.25,1.75,2.05,1.79,2.12,1.84,2.14,1.78,2.08
I2,02/11/2019,14:00,Crotone,Perugia,2,3,A,0,1,A,14,5,6,4,11,14,13,1,0,0,0,0,1.95,3.1,4.5,2.05,3.2,3.9,1.97,3.15,3.9,2.02,3.17,4.49,1.95,3.1,4.2,2,3.25,4.2,2.06,3.25,4.5,1.99,3.14,4.05,2.05,1.75,2.08,1.8,2.14,1.82,2.05,1.76,-0.5,1.98,1.88,2.02,1.88,2.02,1.91,1.98,1.86,1.61,3.5,6.5,1.72,3.5,5.25,1.65,3.6,5.2,1.66,3.79,5.76,1.95,3.1,4.2,1.65,3.6,6,1.72,3.79,6.5,1.67,3.58,5.33,2,1.8,1.98,1.9,2.04,1.9,1.97,1.83,-0.75,1.85,2,1.88,2.02,1.95,2.04,1.87,1.97
I2,02/11/2019,14:00,Livorno,Juve Stabia,2,1,H,0,0,D,25,11,8,1,15,20,11,3,2,3,0,0,2,3.2,4,2.05,3.2,3.9,2,3.15,3.75,2.02,3.19,4.44,1.95,3.1,4.2,2,3.2,4.2,2.05,3.22,4.44,2.01,3.13,3.97,2.1,1.7,2.2,1.72,2.25,1.74,2.15,1.69,-0.5,2.02,1.83,2.02,1.88,2.08,1.88,2.01,1.83,1.9,3.25,4.33,1.95,3.2,4.2,1.95,3.15,4,2,3.26,4.43,1.95,3.1,4.2,1.93,3.25,4.5,2,3.28,4.5,1.95,3.17,4.21,2.15,1.66,2.2,1.72,2.25,1.76,2.15,1.69,-0.5,1.95,1.9,2,1.9,2,1.95,1.95,1.89
I2,02/11/2019,14:00,Pescara,Pisa,3,0,H,1,0,H,13,8,5,3,17,13,4,6,1,2,0,0,2.15,3.2,3.5,2.25,3.1,3.4,2.2,3.1,3.3,2.3,3.01,3.74,2.2,3.25,3.2,2.25,3.13,3.5,2.31,3.2,3.74,2.23,3.03,3.44,2.05,1.75,2.07,1.81,2.09,1.85,2.02,1.78,-0.25,1.9,1.95,1.94,1.96,1.95,1.98,1.9,1.94,2.05,3.2,3.8,2.05,3.1,4,2.05,3.15,3.7,2.12,3.09,4.15,2.2,3.25,3.2,2.15,3.1,3.8,2.16,3.27,4.19,2.06,3.1,3.85,2,1.8,2.1,1.79,2.1,1.86,2.01,1.79,-0.25,1.75,2.05,1.79,2.12,1.82,2.17,1.76,2.11
I2,02/11/2019,17:00,Salernitana,Virtus Entella,2,1,H,0,0,D,20,5,8,4,11,16,7,4,2,3,0,0,1.8,3.2,5,1.87,3.3,4.5,1.83,3.2,4.5,1.88,3.21,5.17,1.85,3.2,4.6,1.87,3.25,4.8,1.96,3.3,5.17,1.86,3.19,4.59,2.15,1.66,2.21,1.71,2.25,1.73,2.17,1.67,-0.5,1.85,2,1.88,2.01,1.92,2.04,1.85,1.98,2.05,3.1,4,2.1,3.1,3.9,2.1,3.05,3.55,2.19,3.15,3.85,1.85,3.2,4.6,2.2,3.1,3.7,2.26,3.2,4.02,2.12,3.08,3.71,2.15,1.66,2.26,1.68,2.29,1.73,2.17,1.67,-0.25,1.85,2,1.85,2.04,1.92,2.22,1.82,2.03
I2,03/11/2019,20:00,Benevento,Empoli,2,0,H,2,0,H,11,11,5,4,11,13,3,6,1,0,0,0,2,3.3,3.8,2.05,3.3,3.7,2,3.25,3.65,2.05,3.23,4.24,2,3.2,3.9,2,3.3,4,2.11,3.32,4.24,2.02,3.21,3.79,2,1.8,2.06,1.82,2.12,1.87,2.01,1.78,-0.5,2.02,1.83,2.05,1.85,2.06,1.87,2.01,1.82,1.7,3.75,5,1.8,3.5,4.5,1.7,3.6,4.7,1.72,3.9,5.02,1.67,3.7,5,1.7,3.7,5.25,1.8,3.9,5.25,1.72,3.67,4.7,1.85,1.95,1.92,1.97,1.96,1.98,1.89,1.9,-0.75,1.9,1.95,1.97,1.93,2,1.99,1.93,1.91
I2,03/11/2019,14:00,Cittadella,Frosinone,0,0,D,0,0,D,9,9,1,3,22,13,6,5,3,1,0,0,2.4,3.1,3.1,2.55,3,2.95,2.4,3.05,2.95,2.6,3.09,3.07,2.45,3,3,2.55,3.1,3,2.6,3.15,3.12,2.47,3.02,2.98,2.1,1.7,2.18,1.73,2.2,1.75,2.13,1.69,0,1.72,2.07,1.79,2.12,1.81,2.17,1.75,2.11,2.9,3.1,2.5,2.75,3,2.75,2.75,3,2.6,2.91,3.03,2.76,2.55,3,2.88,2.9,3.1,2.63,2.99,3.1,2.76,2.82,2.97,2.64,2.15,1.66,2.22,1.7,2.23,1.76,2.14,1.68,0,2,1.85,2,1.9,2.08,1.9,2,1.84
I2,03/11/2019,14:00,Pordenone,Trapani,2,1,H,1,0,H,19,14,5,3,12,8,8,7,0,4,0,1,1.95,3.3,4,2,3.1,4.25,1.97,3.15,3.9,2.05,3.18,4.29,1.95,3.1,4.2,2,3.25,4.1,2.07,3.3,4.29,2,3.13,3.97,2.07,1.72,2.17,1.74,2.18,1.78,2.1,1.72,-0.5,2,1.85,2.05,1.85,2.05,1.89,2.01,1.83,1.9,3.4,4.2,2,3.1,4.25,1.97,3.2,3.8,1.93,3.48,4.35,2,3.2,3.9,1.9,3.4,4.33,2.02,3.48,4.35,1.93,3.29,4.07,2,1.8,2.01,1.87,2.08,1.87,2,1.8,-0.5,1.9,1.95,1.93,1.96,2.04,2.03,1.92,1.92
I2,04/11/2019,20:00,Cosenza,Cremonese,2,0,H,2,0,H,13,11,4,3,18,13,5,4,3,2,0,0,2.3,3,3.4,2.4,2.95,3.3,2.4,2.9,3.15,2.57,2.86,3.38,2.45,2.8,3.25,2.45,2.9,3.4,2.57,3,3.4,2.45,2.85,3.22,2.4,1.53,2.61,1.53,2.61,1.57,2.47,1.52,-0.25,2.05,1.8,2.14,1.78,2.14,1.85,2.06,1.78,2.45,3,3.1,2.4,2.95,3.3,2.4,2.85,3.15,2.41,3.02,3.46,2.4,2.9,3.2,2.5,2.9,3.3,2.54,3.02,3.55,2.44,2.87,3.21,2.4,1.53,2.52,1.56,2.56,1.59,2.43,1.54,-0.25,2.1,1.77,2.03,1.86,2.12,1.86,2.07,1.79
I1,02/11/2019,17:00,Bologna,Inter,1,2,A,0,0,D,8,11,3,9,12,24,2,7,3,4,0,0,3.75,3.6,2,3.7,3.6,2,3.55,3.55,2.05,3.66,3.64,2.08,3.6,3.5,2,3.8,3.4,2.05,3.8,3.65,2.12,3.61,3.54,2.04,1.8,2,1.84,2.06,1.87,2.07,1.81,2,0.5,1.85,2.08,1.84,2.08,1.86,2.09,1.83,2.05,3.8,3.75,1.95,3.9,3.5,1.95,3.7,3.5,2,3.88,3.53,2.05,3.7,3.5,2,3.9,3.5,2,3.91,3.75,2.1,3.76,3.51,2.01,1.72,2.1,1.79,2.11,1.83,2.16,1.77,2.06,0.5,1.87,2.06,1.86,2.05,1.91,2.11,1.85,2.03
I1,02/11/2019,14:00,Roma,Napoli,2,1,H,1,0,H,13,12,7,6,23,14,10,4,5,3,1,0,2.75,3.6,2.45,2.65,3.6,2.55,2.7,3.6,2.5,2.72,3.68,2.56,2.62,3.6,2.5,2.7,3.5,2.55,2.78,3.72,2.61,2.69,3.58,2.52,1.61,2.3,1.63,2.39,1.66,2.39,1.62,2.29,0,2.02,1.91,2.02,1.9,2.03,1.92,2,1.88,3.1,3.6,2.25,3.1,3.6,2.2,3.15,3.65,2.15,3.23,3.7,2.22,3.1,3.5,2.2,3.2,3.6,2.2,3.28,3.75,2.28,3.15,3.63,2.2,1.57,2.37,1.59,2.48,1.64,2.55,1.59,2.37,0.25,1.98,1.95,1.98,1.94,2,1.96,1.96,1.93
I1,02/11/2019,19:45,Torino,Juventus,0,1,A,0,0,D,7,14,4,10,22,16,11,6,4,2,0,0,7,4.2,1.5,6.5,4.1,1.53,6.5,4.05,1.55,6.91,4,1.57,7,4,1.5,7.5,4,1.5,7.5,4.25,1.59,6.57,4.04,1.54,1.9,1.9,1.98,1.92,2.01,1.93,1.95,1.86,1,1.95,1.98,1.93,1.99,1.96,1.99,1.91,1.96,7,4,1.5,6.5,4.1,1.53,6.2,3.95,1.57,7.14,4.22,1.52,7,4,1.5,7.5,4,1.5,7.5,4.26,1.57,6.74,4.08,1.53,1.9,1.9,1.93,1.97,2.04,2.05,1.94,1.88,1,1.98,1.95,2,1.92,2,1.98,1.95,1.92
I1,03/11/2019,11:30,Atalanta,Cagliari,0,2,A,0,1,A,11,12,3,8,15,18,13,2,2,3,1,0,1.28,5.5,11,1.3,5.5,10.5,1.32,5.6,8.9,1.32,5.66,10.18,1.29,5.5,10,1.29,5.5,9.5,1.33,5.95,11,1.31,5.59,9.56,1.4,3,1.42,3.02,1.45,3.05,1.41,2.87,-1.5,1.88,2.05,1.9,2.01,1.9,2.07,1.86,2.01,1.3,5.75,9,1.3,5.75,9,1.37,5,8,1.32,5.96,9.23,1.29,5.5,9.5,1.3,5.75,9.5,1.37,6.07,10,1.31,5.76,9.05,1.4,3,1.4,3.14,1.41,3.25,1.38,3.01,-1.5,1.85,2.08,1.87,2.05,1.97,2.11,1.86,2.02
I1,03/11/2019,17:00,Fiorentina,Parma,1,1,D,0,1,A,15,7,4,3,15,20,5,2,2,2,0,0,1.5,4.33,6.5,1.48,4.33,6.75,1.5,4.4,6.3,1.51,4.44,6.81,1.47,4.33,6.5,1.45,4.2,7,1.56,4.6,7,1.5,4.37,6.46,1.72,2.1,1.72,2.22,1.74,2.25,1.7,2.15,-1,1.84,2.09,1.86,2.05,1.87,2.11,1.83,2.04,1.57,4.2,5.5,1.57,4.1,6,1.57,4,5.9,1.63,4.03,5.92,1.57,4,5.8,1.57,4,6.25,1.65,4.3,6.25,1.59,4.03,5.78,1.8,2,1.8,2.1,1.83,2.15,1.76,2.07,-1,2.07,1.86,2.08,1.83,2.13,1.98,2.04,1.84
I1,03/11/2019,14:00,Genoa,Udinese,1,3,A,1,1,D,10,13,2,5,11,13,8,5,0,2,0,0,1.9,3.4,4.2,1.95,3.4,4.1,1.93,3.5,4.05,1.96,3.63,4.15,1.91,3.5,4,1.9,3.25,4.2,1.98,3.65,4.25,1.93,3.5,4.07,2,1.8,2.12,1.79,2.13,1.83,2.04,1.79,-0.5,1.96,1.97,1.96,1.96,1.97,1.99,1.93,1.94,1.85,3.6,4.33,1.95,3.3,4.25,1.9,3.45,4.2,1.85,3.76,4.48,1.83,3.5,4.33,1.87,3.4,4.6,1.97,3.76,4.6,1.89,3.49,4.31,2,1.8,1.96,1.94,2.09,1.94,2.01,1.81,-0.5,1.87,2.06,1.85,2.07,1.95,2.08,1.88,1.99
I1,03/11/2019,14:00,Lecce,Sassuolo,2,2,D,2,1,H,7,12,4,5,14,16,6,6,2,3,0,0,2.6,3.4,2.6,2.7,3.25,2.55,2.75,3.35,2.55,2.85,3.37,2.62,2.75,3.25,2.55,2.75,3.2,2.55,2.85,3.44,2.7,2.76,3.32,2.58,1.8,2,1.86,2.04,1.89,2.04,1.83,1.98,0,2.03,1.9,2.04,1.88,2.04,1.9,2.01,1.87,2.8,3.4,2.45,2.75,3.25,2.5,2.85,3.4,2.45,2.95,3.43,2.51,2.88,3.3,2.45,2.9,3.4,2.45,3,3.49,2.65,2.88,3.35,2.48,1.72,2.1,1.73,2.21,1.8,2.23,1.73,2.11,0.25,1.72,2.07,1.78,2.16,1.8,2.25,1.76,2.14
I1,03/11/2019,19:45,Milan,Lazio,1,2,A,1,1,D,9,8,4,7,12,13,8,4,3,5,0,0,3.1,3.2,2.37,3.1,3.4,2.3,3.05,3.4,2.3,3.1,3.6,2.33,3,3.4,2.3,3.1,3.2,2.3,3.15,3.6,2.42,3.05,3.42,2.32,1.9,1.9,1.96,1.94,1.98,1.94,1.92,1.88,0.25,1.87,2.06,1.89,2.03,1.89,2.07,1.85,2.02,3.4,3.4,2.15,3,3.4,2.35,3,3.4,2.35,3.44,3.42,2.24,3.25,3.4,2.2,3.4,3.4,2.2,3.5,3.55,2.35,3.31,3.41,2.22,1.8,2,1.84,2.06,1.89,2.15,1.83,1.99,0.25,1.99,1.94,1.99,1.93,2.01,1.99,1.96,1.92
I1,03/11/2019,14:00,Verona,Brescia,2,1,H,0,0,D,11,11,6,5,17,17,5,1,1,4,0,1,2.15,3.3,3.5,2.15,3.25,3.6,2.1,3.25,3.65,2.15,3.26,3.87,2.1,3.2,3.7,2.1,3.1,3.75,2.23,3.34,3.87,2.13,3.23,3.68,2.2,1.66,2.29,1.68,2.32,1.73,2.19,1.68,-0.25,1.82,2.08,1.83,2.09,1.86,2.12,1.82,2.06,2.1,3.3,3.75,2.15,3.25,3.6,2.15,3.25,3.6,2.19,3.26,3.76,2.1,3.25,3.6,2.15,3.2,3.7,2.25,3.38,3.86,2.15,3.24,3.64,2.1,1.72,2.14,1.78,2.19,1.82,2.09,1.74,-0.25,1.88,2.02,1.87,2.05,1.93,2.06,1.86,2.02
I1,04/11/2019,19:45,Spal,Sampdoria,0,1,A,0,0,D,7,9,2,4,12,16,8,5,3,1,0,0,2.62,3.3,2.7,2.65,3.2,2.75,2.65,3.25,2.75,2.65,3.31,2.86,2.55,3.3,2.75,2.6,3,2.8,2.7,3.44,2.86,2.62,3.24,2.77,2,1.8,2.14,1.77,2.16,1.82,2.06,1.76,0,1.9,2.03,1.88,2.04,1.92,2.04,1.88,1.99,2.37,3.25,3.1,2.4,3.2,3.1,2.4,3.15,3.15,2.43,3.22,3.25,2.4,3.1,3.1,2.4,3.1,3.3,2.6,3.32,3.35,2.4,3.17,3.17,2.2,1.66,2.29,1.68,2.33,1.76,2.23,1.66,-0.25,2.07,1.86,2.07,1.85,2.2,1.88,2.05,1.83
E1,01/11/2019,19:45,Barnsley,Bristol City,2,2,D,0,1,A,24,9,6,3,9,11,10,6,2,0,0,0,2.6,3.6,2.6,2.6,3.6,2.6,2.55,3.5,2.55,2.63,3.66,2.66,2.62,3.5,2.6,2.6,3.6,2.63,2.76,3.7,2.72,2.62,3.55,2.59,1.61,2.3,1.65,2.34,1.67,2.38,1.62,2.29,0,1.92,1.98,1.95,1.97,1.98,2.01,1.92,1.93,2.5,3.5,2.62,2.6,3.6,2.6,2.5,3.55,2.6,2.55,3.64,2.76,2.6,3.6,2.7,2.5,3.6,2.7,2.7,3.75,2.78,2.55,3.56,2.65,1.61,2.3,1.66,2.33,1.71,2.4,1.62,2.31,0,1.89,2.01,1.88,2.04,1.93,2.04,1.88,1.97
E1,02/11/2019,15:00,Blackburn,Sheffield Weds,2,1,H,0,0,D,15,17,6,5,10,16,4,13,0,0,0,0,2.5,3.25,2.9,2.5,3.25,2.9,2.45,3.2,2.95,2.55,3.28,3.01,2.5,3.25,2.9,2.5,3.3,2.9,2.6,3.34,3.1,2.47,3.24,2.94,2,1.8,2.1,1.81,2.13,1.81,2.07,1.76,-0.25,2.07,1.72,2.18,1.76,2.18,1.8,2.11,1.77,2.5,3.2,2.9,2.55,3.1,2.95,2.45,3.1,3,2.54,3.23,3.06,2.45,3.2,3,2.45,3.3,3,2.6,3.3,3.1,2.51,3.16,2.98,2.3,1.61,2.32,1.67,2.38,1.73,2.25,1.65,-0.25,2.11,1.79,2.16,1.78,2.2,1.82,2.13,1.76
E1,02/11/2019,15:00,Brentford,Huddersfield,0,1,A,0,0,D,10,4,3,2,12,15,1,4,1,5,0,0,1.45,4.33,7,1.5,4.1,7,1.5,4.1,6.4,1.52,4.33,6.99,1.5,4.2,7,1.5,4.2,7,1.56,4.35,7,1.51,4.18,6.59,1.9,1.9,1.98,1.92,2.01,1.93,1.95,1.87,-1,1.9,2,1.93,1.98,1.95,2.02,1.9,1.96,1.45,4.33,7,1.5,4.1,7,1.5,4.1,6.6,1.49,4.45,7.24,1.5,4.2,7,1.5,4.3,7,1.55,4.51,7.34,1.5,4.23,6.75,1.9,1.9,1.92,1.98,1.96,2.01,1.89,1.92,-1,1.87,2.03,1.87,2.05,1.91,2.06,1.85,2
E1,02/11/2019,15:00,Cardiff,Birmingham,4,2,H,2,1,H,12,25,6,6,12,18,8,10,1,3,1,1,2,3.3,4,2,3.3,4,1.97,3.3,3.9,2.06,3.27,4.22,2,3.3,4,2.05,3.4,3.8,2.1,3.4,4.22,2.02,3.29,3.94,2.1,1.72,2.15,1.77,2.16,1.8,2.09,1.74,-0.5,2.04,1.86,2.06,1.86,2.06,1.89,2.02,1.84,2.15,3.1,3.8,,,,2.1,3.2,3.7,2.2,3.22,3.78,2.15,3.1,3.75,2.15,3.25,3.7,2.2,3.28,3.9,2.14,3.16,3.75,2.3,1.61,2.28,1.68,2.31,1.73,2.21,1.67,-0.25,1.84,2.06,1.88,2.04,1.88,2.12,1.83,2.04
E1,02/11/2019,15:00,Derby,Middlesbrough,2,0,H,1,0,H,23,10,10,1,10,13,6,2,0,1,0,1,2.2,3.3,3.4,2.2,3.3,3.4,2.2,3.25,3.25,2.26,3.38,3.44,2.2,3.3,3.4,2.25,3.4,3.25,2.3,3.42,3.5,2.22,3.31,3.32,2,1.8,2.03,1.88,2.06,1.89,2,1.82,-0.25,1.95,1.95,1.94,1.97,1.98,2,1.91,1.94,2.1,3.4,3.5,,,,2.1,3.35,3.4,2.16,3.53,3.55,2.15,3.4,3.4,2.1,3.5,3.5,2.2,3.56,3.65,2.15,3.4,3.45,1.9,1.9,1.93,1.97,1.97,2.01,1.88,1.93,-0.25,1.83,2.07,1.86,2.05,1.88,2.12,1.84,2.02
E1,02/11/2019,15:00,Fulham,Hull,0,3,A,0,1,A,8,10,1,5,8,14,9,1,2,2,0,0,1.6,4.2,5.25,1.62,4.2,5.25,1.6,4.1,5.1,1.61,4.26,5.62,1.6,4.2,5.5,1.6,4.3,5.4,1.65,4.34,5.7,1.6,4.17,5.29,1.53,2.5,1.59,2.48,1.6,2.54,1.55,2.44,-1,2.03,1.87,2.04,1.88,2.07,1.9,2.01,1.84,1.53,4.33,5.75,1.57,4.2,5.75,1.5,4.45,5.6,1.53,4.66,6.04,1.52,4.5,6,1.5,4.6,6.25,1.57,4.72,6.35,1.53,4.47,5.82,1.53,2.5,1.55,2.59,1.56,2.63,1.53,2.5,-1,1.85,2.05,1.87,2.05,1.9,2.07,1.84,2.01
E1,02/11/2019,15:00,Leeds,QPR,2,0,H,1,0,H,18,6,6,1,18,20,6,2,1,4,0,0,1.44,4.5,7,1.5,4.4,6.25,1.47,4.3,6.4,1.47,4.58,7.32,1.47,4.33,7,1.45,4.6,7,1.54,4.6,7.6,1.48,4.39,6.76,1.66,2.2,1.67,2.31,1.69,2.31,1.65,2.23,-1,1.77,2.14,1.78,2.16,1.84,2.17,1.78,2.09,1.45,4.5,6.5,,,,1.46,4.45,6.5,1.47,4.67,7.18,1.44,4.5,7.5,1.45,4.6,7,1.5,4.8,7.7,1.46,4.52,6.87,1.57,2.37,1.59,2.48,1.66,2.48,1.61,2.32,-1.25,2.04,1.86,2.03,1.88,2.1,1.91,2.02,1.84
E1,02/11/2019,15:00,Luton,Nott'm Forest,1,2,A,0,1,A,9,12,3,4,9,10,8,7,0,1,0,0,2.7,3.3,2.62,2.65,3.4,2.65,2.65,3.35,2.6,2.68,3.53,2.68,2.62,3.5,2.62,2.7,3.5,2.6,2.8,3.55,2.7,2.65,3.4,2.62,1.8,2,1.82,2.08,1.85,2.12,1.8,2.02,0,1.98,1.92,1.96,1.96,1.99,1.96,1.94,1.92,2.62,3.3,2.7,2.65,3.4,2.65,2.6,3.4,2.6,2.67,3.51,2.71,2.6,3.5,2.62,2.6,3.6,2.63,2.8,3.6,2.75,2.62,3.44,2.65,1.72,2.1,1.78,2.13,1.8,2.16,1.75,2.07,0,1.91,1.99,1.94,1.97,1.95,2.01,1.91,1.95
E1,02/11/2019,15:00,Reading,Millwall,2,1,H,2,0,H,12,14,6,2,11,13,3,6,1,0,0,0,2.2,3.3,3.4,2.2,3.3,3.4,2.2,3.3,3.3,2.25,3.35,3.48,2.2,3.3,3.4,2.2,3.4,3.4,2.3,3.4,3.55,2.2,3.31,3.38,2,1.8,2.09,1.81,2.09,1.86,2.01,1.8,-0.25,1.92,1.98,1.93,1.98,1.93,2,1.89,1.96,2.25,3.3,3.25,,,,2.25,3.25,3.15,2.23,3.4,3.48,2.25,3.3,3.3,2.2,3.3,3.5,2.37,3.44,3.52,2.25,3.29,3.32,2,1.8,2.11,1.8,2.16,1.83,2.06,1.77,-0.25,1.89,2.01,1.92,2,1.98,2.04,1.91,1.95
E1,02/11/2019,12:30,Wigan,Swansea,1,2,A,1,1,D,14,6,2,2,19,8,11,2,4,2,0,0,3,3.3,2.4,2.85,3.3,2.5,2.85,3.25,2.45,2.93,3.37,2.55,2.88,3.3,2.5,2.8,3.4,2.5,3,3.4,2.6,2.87,3.31,2.49,1.9,1.9,1.96,1.94,2,1.96,1.94,1.87,0,2.06,1.84,2.1,1.83,2.12,1.86,2.06,1.8,2.87,3.3,2.45,2.85,3.3,2.5,2.8,3.25,2.5,2.88,3.4,2.57,2.8,3.3,2.55,2.8,3.4,2.55,3,3.43,2.65,2.84,3.31,2.53,1.9,1.9,1.93,1.97,2.02,1.99,1.93,1.88,0,2.04,1.86,2.07,1.85,2.08,1.9,2.03,1.83
E1,03/11/2019,12:00,Charlton,Preston,0,1,A,0,0,D,8,16,1,5,16,11,3,9,3,5,0,0,2.9,3.4,2.45,3,3.3,2.4,3,3.25,2.35,3.12,3.42,2.4,3.1,3.3,2.35,2.9,3.4,2.3,3.2,3.45,2.45,3.04,3.3,2.37,2,1.8,2.03,1.87,2.07,1.87,2,1.82,0.25,1.84,2.06,1.85,2.07,1.87,2.09,1.82,2.04,2.9,3.3,2.45,2.85,3.3,2.5,2.85,3.2,2.5,3.16,3.28,2.45,3,3.2,2.45,3,3.3,2.45,3.2,3.35,2.57,2.96,3.24,2.47,2,1.8,2.13,1.79,2.14,1.85,2.03,1.79,0.25,1.77,2.02,1.83,2.09,1.86,2.2,1.77,2.1
E1,04/11/2019,20:00,Stoke,West Brom,0,2,A,0,1,A,8,9,3,3,18,18,4,3,2,1,0,0,3,3.3,2.4,3.1,3.1,2.45,2.95,3.25,2.4,3.02,3.24,2.57,2.9,3.4,2.45,2.8,3.3,2.4,3.1,3.48,2.6,2.94,3.24,2.46,2,1.8,2.06,1.84,2.08,1.85,2.02,1.8,0.25,1.78,2.13,1.76,2.19,1.8,2.2,1.76,2.12,3,3.3,2.4,3.1,3.3,2.35,2.9,3.25,2.4,3.04,3.35,2.49,3,3.25,2.45,2.9,3.4,2.45,3.25,3.45,2.53,2.99,3.28,2.43,2.1,1.72,2.13,1.78,2.17,1.83,2.07,1.75,0.25,1.78,2.13,1.8,2.13,1.83,2.14,1.78,2.09
E0,02/11/2019,15:00,Arsenal,Wolves,1,1,D,1,0,H,10,25,4,8,6,15,8,9,0,2,0,0,1.75,3.75,4.75,1.78,3.7,4.6,1.77,3.8,4.4,1.79,3.81,4.81,1.75,3.7,4.75,1.75,3.8,4.8,1.83,4,4.85,1.78,3.8,4.65,1.72,2.1,1.78,2.16,1.78,2.2,1.74,2.12,-0.75,2.01,1.92,2.03,1.89,2.03,1.93,2,1.89,1.72,3.9,4.5,1.7,3.9,5,1.75,3.85,4.55,1.76,3.95,4.87,1.73,3.8,4.75,1.75,3.9,4.75,1.83,4,5.1,1.75,3.87,4.71,1.66,2.2,1.68,2.31,1.75,2.37,1.69,2.2,-0.75,1.99,1.94,1.97,1.96,2.03,1.97,1.97,1.92
E0,02/11/2019,15:00,Aston Villa,Liverpool,1,2,A,1,0,H,5,25,2,6,12,9,2,10,1,2,0,0,9,5,1.33,9.25,5,1.35,7.9,5.3,1.36,8.36,5.63,1.36,8.5,5.25,1.35,9,5.5,1.33,9.25,5.7,1.39,8.4,5.37,1.36,1.44,2.75,1.47,2.88,1.53,2.88,1.47,2.71,1.5,1.9,2.03,1.89,2.03,1.95,2.04,1.89,2,9,6,1.28,9.5,6,1.3,8,5.3,1.35,10.13,6.57,1.28,9.5,6,1.29,10.5,6,1.29,10.5,6.95,1.35,9.45,6.14,1.3,1.4,3,1.4,3.16,1.44,3.22,1.41,2.94,1.75,1.82,1.97,1.85,2.07,1.88,2.1,1.85,2.04
E0,02/11/2019,12:30,Bournemouth,Man United,1,0,H,1,0,H,12,15,6,4,14,12,4,10,4,3,0,0,3.25,3.6,2.15,3.25,3.6,2.15,3.3,3.5,2.15,3.41,3.6,2.19,3.3,3.5,2.15,3.4,3.5,2.15,3.44,3.7,2.26,3.33,3.55,2.19,1.9,1.9,1.91,2.01,1.91,2.06,1.84,1.99,0.25,2.02,1.91,2.02,1.91,2.04,1.95,1.99,1.89,3.5,3.6,2.05,3.6,3.6,2.05,3.5,3.45,2.1,3.67,3.6,2.11,3.8,3.6,2.05,3.75,3.5,2.05,3.96,3.7,2.15,3.61,3.56,2.09,1.9,1.9,1.99,1.93,2.04,2.08,1.94,1.89,0.5,1.8,2,1.83,2.11,1.85,2.14,1.81,2.09
E0,02/11/2019,15:00,Brighton,Norwich,2,0,H,0,0,D,21,7,5,0,11,8,8,3,0,1,0,0,1.72,4.2,4.33,1.72,4.2,4.33,1.7,4.05,4.6,1.71,4.24,4.8,1.65,4.2,4.75,1.7,4,5,1.75,4.4,5,1.71,4.17,4.65,1.66,2.2,1.67,2.35,1.7,2.35,1.66,2.25,-0.75,1.92,2.01,1.92,2.01,1.93,2.02,1.89,1.99,1.55,4.33,5.5,1.6,4.4,5.25,1.75,3.9,4.4,1.57,4.56,5.8,1.55,4.4,5.5,1.57,4.33,5.75,1.75,4.7,5.87,1.59,4.44,5.43,1.57,2.37,1.58,2.52,1.63,2.55,1.58,2.4,-1,2,1.93,2,1.93,2.25,1.95,2,1.89
E0,02/11/2019,15:00,Man City,Southampton,2,1,H,0,1,A,26,3,4,3,11,10,17,0,3,1,0,0,1.07,13,23,1.09,11,23,1.08,11,27,1.08,13.13,33.77,1.06,12,36,1.07,12,41,1.11,13.5,41,1.08,11.99,29.72,1.22,4.33,1.21,4.86,1.25,4.86,1.22,4.27,-3,2,1.8,2.09,1.83,2.12,1.88,2.07,1.81,1.07,13,23,1.07,13,31,1.1,9.1,28,1.07,14.49,36.78,1.06,13,34,1.05,13,34,1.1,15,38,1.07,12.93,31.81,1.22,4.33,1.19,5.2,1.22,5.2,1.2,4.48,-3,1.96,1.97,1.96,1.96,2.25,1.99,1.97,1.91
E0,02/11/2019,15:00,Sheffield United,Burnley,3,0,H,3,0,H,13,6,6,0,8,12,7,6,1,2,0,0,2.25,3.2,3.4,2.2,3.2,3.5,2.25,3.15,3.45,2.33,3.26,3.43,2.25,3.2,3.4,2.25,3.2,3.5,2.34,3.32,3.6,2.26,3.22,3.46,2.3,1.61,2.39,1.65,2.45,1.66,2.33,1.62,-0.25,1.96,1.97,2,1.93,2,1.98,1.94,1.94,2.25,3.25,3.25,2.25,3.2,3.5,2.25,3.1,3.45,2.29,3.22,3.58,2.2,3.2,3.5,2.2,3.2,3.6,2.38,3.34,3.65,2.27,3.17,3.5,2.37,1.57,2.47,1.61,2.55,1.65,2.4,1.58,-0.25,1.93,2,1.95,1.98,1.98,2.03,1.93,1.97
E0,02/11/2019,17:30,Watford,Chelsea,1,2,A,0,1,A,12,16,3,10,8,5,1,6,4,2,0,0,5,4.33,1.61,4.75,4.2,1.65,4.9,4.2,1.65,5.13,4.21,1.68,5,4.2,1.63,5.25,4.1,1.65,5.25,4.5,1.7,4.99,4.24,1.65,1.61,2.3,1.7,2.29,1.7,2.4,1.63,2.29,1,1.75,2.05,1.79,2.15,1.81,2.19,1.78,2.11,5,4.33,1.6,5.25,4.25,1.62,4.9,4.15,1.65,5.34,4.43,1.63,5.25,4.33,1.63,5.5,4.3,1.6,5.6,4.49,1.68,5.17,4.29,1.63,1.61,2.3,1.66,2.35,1.68,2.47,1.63,2.3,1,1.86,2.07,1.85,2.09,1.87,2.12,1.83,2.06
E0,02/11/2019,15:00,West Ham,Newcastle,2,3,A,0,2,A,16,12,6,9,10,7,7,3,2,1,0,0,1.75,3.8,4.5,1.8,3.8,4.25,1.77,3.7,4.6,1.79,3.87,4.69,1.78,3.75,4.5,1.8,3.75,4.75,1.84,3.95,4.75,1.79,3.82,4.55,1.8,2,1.85,2.07,1.9,2.07,1.83,2,-0.75,2.02,1.91,2.05,1.87,2.06,1.92,2.02,1.86,1.75,3.8,4.5,1.83,3.8,4.33,1.85,3.6,4.3,1.89,3.64,4.48,1.8,3.75,4.33,1.85,3.75,4.33,1.92,3.9,4.8,1.85,3.73,4.36,1.8,2,1.85,2.06,1.87,2.11,1.8,2.03,-0.5,1.89,2.04,1.89,2.03,1.9,2.09,1.86,2.03
E0,03/11/2019,14:00,Crystal Palace,Leicester,0,2,A,0,0,D,12,14,3,5,15,16,5,6,2,2,0,0,3.5,3.4,2.1,3.5,3.3,2.15,3.45,3.4,2.15,3.57,3.42,2.2,3.4,3.4,2.15,3.5,3.3,2.15,3.65,3.5,2.25,3.5,3.38,2.17,2,1.8,2.13,1.8,2.13,1.83,2.05,1.78,0.25,2.05,1.88,2.03,1.89,2.06,1.9,2.02,1.86,3.6,3.4,2.05,3.75,3.4,2.1,3.65,3.4,2.1,3.86,3.62,2.05,3.7,3.4,2.05,3.8,3.4,2.05,3.87,3.65,2.15,3.74,3.49,2.07,1.9,1.9,1.94,1.98,2.1,2.05,1.94,1.89,0.5,1.89,2.04,1.88,2.05,1.9,2.1,1.84,2.05
E0,03/11/2019,16:30,Everton,Tottenham,1,1,D,0,0,D,7,4,3,2,9,8,5,2,1,2,0,1,2.7,3.4,2.6,2.8,3.4,2.5,2.65,3.5,2.55,2.74,3.55,2.63,2.7,3.5,2.55,2.7,3.5,2.55,2.82,3.6,2.68,2.73,3.49,2.57,1.72,2.1,1.75,2.19,1.8,2.19,1.74,2.11,0,2,1.93,2.01,1.93,2.03,1.93,1.98,1.89,2.5,3.6,2.7,2.45,3.6,2.8,2.5,3.6,2.7,2.54,3.62,2.82,2.5,3.5,2.75,2.45,3.6,2.75,2.63,3.68,2.99,2.49,3.58,2.79,1.61,2.3,1.67,2.34,1.7,2.47,1.64,2.28,0,1.85,2.08,1.86,2.07,2,2.11,1.85,2.04
D2,01/11/2019,17:30,Hannover,Sandhausen,1,1,D,1,0,H,15,17,1,6,15,9,0,7,3,0,0,0,1.9,3.5,3.8,1.95,3.4,3.9,1.97,3.45,3.75,2.04,3.54,3.83,2,3.4,3.7,2,3.5,3.7,2.05,3.6,3.9,1.98,3.43,3.74,1.95,1.85,1.97,1.91,2,1.98,1.93,1.87,-0.5,2,1.85,2.04,1.86,2.06,1.89,2,1.85,1.9,3.5,3.8,1.95,3.4,3.9,2,3.4,3.65,1.98,3.45,4.21,1.91,3.4,3.9,1.95,3.5,4,2.03,3.6,4.25,1.95,3.41,3.9,2,1.8,1.96,1.93,2.04,1.93,1.95,1.86,-0.5,1.93,1.93,1.98,1.93,2,1.98,1.95,1.9
D2,01/11/2019,17:30,Regensburg,Osnabruck,3,3,D,2,0,H,16,18,6,9,19,12,3,6,4,2,0,0,2.15,3.5,3.2,2.1,3.5,3.3,2.2,3.45,3.15,2.24,3.5,3.31,2.15,3.4,3.2,2.2,3.5,3.2,2.27,3.62,3.35,2.19,3.41,3.19,1.75,2.05,1.78,2.11,1.84,2.13,1.76,2.07,-0.25,1.9,1.95,1.94,1.96,1.97,1.98,1.91,1.94,2.25,3.5,3,2.1,3.5,3.3,2.2,3.45,3.15,2.33,3.45,3.18,2.2,3.4,3.1,2.38,3.5,3,2.42,3.54,3.3,2.25,3.38,3.11,1.8,2,1.85,2.03,1.92,2.08,1.82,1.99,-0.25,2.02,1.83,2.01,1.88,2.07,1.94,1.98,1.87
D2,02/11/2019,12:00,Erzgebirge Aue,Heidenheim,1,1,D,0,0,D,8,13,2,5,16,19,4,4,3,5,0,0,2.4,3.2,3,2.4,3.3,2.95,2.45,3.35,2.8,2.53,3.39,2.91,2.45,3.25,2.8,2.45,3.4,2.88,2.53,3.5,3,2.44,3.31,2.83,1.8,2,1.86,2.02,1.88,2.07,1.82,1.99,0,1.8,2.05,1.81,2.09,1.83,2.14,1.79,2.07,2.3,3.4,3,2.3,3.4,3,2.25,3.4,3.05,2.3,3.45,3.23,2.2,3.4,3.1,2.25,3.4,3.2,2.35,3.5,3.25,2.26,3.37,3.07,1.85,1.95,1.89,1.99,1.93,2.07,1.83,1.97,-0.25,1.93,1.93,1.99,1.91,1.99,1.95,1.96,1.9
D2,02/11/2019,12:00,Greuther Furth,Darmstadt,3,1,H,2,0,H,19,11,6,3,16,12,6,3,2,2,0,0,2.1,3.4,3.4,2.05,3.4,3.6,2.1,3.3,3.4,2.15,3.35,3.69,2.05,3.4,3.5,2.15,3.4,3.4,2.2,3.56,3.69,2.1,3.32,3.47,1.9,1.9,1.96,1.93,1.97,1.98,1.9,1.9,-0.25,1.83,2.02,1.84,2.06,1.88,2.12,1.83,2.03,2.3,3.4,3.1,2.35,3.3,3,2.35,3.35,2.95,2.42,3.42,3.03,2.3,3.3,3,2.45,3.4,2.9,2.45,3.54,3.15,2.34,3.32,3,1.8,2,1.84,2.04,1.98,2.07,1.84,1.97,-0.25,2.05,1.8,2.09,1.81,2.13,1.9,2.04,1.82
D2,02/11/2019,12:00,St Pauli,Karlsruhe,2,2,D,0,0,D,19,14,8,4,11,15,3,5,2,3,0,0,2.05,3.4,3.5,2.1,3.5,3.3,2.15,3.45,3.25,2.22,3.46,3.39,2.1,3.5,3.2,2.2,3.5,3.25,2.25,3.64,3.5,2.15,3.42,3.27,1.72,2.07,1.78,2.12,1.79,2.19,1.75,2.07,-0.25,1.88,1.98,1.92,1.98,1.93,2.03,1.88,1.97,2,3.4,3.75,2.1,3.5,3.3,2.1,3.5,3.25,2.09,3.6,3.6,2.05,3.5,3.4,2.1,3.5,3.5,2.2,3.7,3.75,2.09,3.5,3.36,1.7,2.1,1.72,2.19,1.77,2.19,1.72,2.11,-0.25,1.8,2.05,1.81,2.1,1.9,2.12,1.82,2.04
D2,03/11/2019,12:30,Bielefeld,Holstein Kiel,2,1,H,1,0,H,10,13,4,5,9,9,5,4,2,2,0,0,1.85,3.6,4,1.85,3.9,3.8,1.83,4,3.8,1.87,4.15,3.85,1.8,4,3.75,1.83,4,3.9,1.93,4.15,4,1.84,3.94,3.72,1.5,2.5,1.54,2.58,1.6,2.65,1.51,2.51,-0.5,1.83,2.02,1.87,2.03,1.93,2.08,1.85,1.99,1.85,3.75,3.8,1.85,3.9,3.8,1.87,3.8,3.7,1.94,3.9,3.81,1.88,3.7,3.7,1.95,3.9,3.6,1.96,4,4.05,1.89,3.82,3.71,1.6,2.3,1.61,2.4,1.62,2.48,1.57,2.35,-0.5,1.93,1.93,1.94,1.96,1.97,2,1.91,1.94
D2,03/11/2019,12:30,Stuttgart,Dresden,3,1,H,2,0,H,16,10,5,4,10,11,6,1,2,3,0,0,1.45,4.33,7,1.5,4.33,6,1.47,4.5,6.1,1.48,4.55,6.92,1.44,4.4,6.5,1.5,4.5,6.25,1.51,4.7,7,1.47,4.42,6.27,1.5,2.5,1.53,2.6,1.55,2.66,1.5,2.52,-1,1.77,2.1,1.77,2.15,1.81,2.16,1.77,2.09,1.33,5,9,1.36,5,8,1.5,4.3,6,1.34,5.66,8.5,1.33,5.25,8,1.36,5,8.5,1.5,5.66,9,1.35,5.15,7.77,1.4,2.87,1.44,2.88,1.5,2.9,1.44,2.73,-1.25,1.67,2.15,1.72,2.22,1.9,2.26,1.75,2.12
D2,03/11/2019,12:30,Wehen,Hamburg,1,1,D,0,0,D,9,20,2,7,18,4,6,8,1,0,1,0,5.75,4,1.6,4.75,4.1,1.65,4.7,4.1,1.65,4.9,4.18,1.68,4.8,4,1.63,5,4.2,1.65,5.75,4.3,1.7,4.8,4.09,1.64,1.53,2.4,1.54,2.57,1.56,2.63,1.51,2.51,1,1.83,2.02,1.79,2.12,1.9,2.12,1.8,2.06,6.5,4,1.5,5.5,4.25,1.55,4.8,4,1.65,6.01,4.37,1.55,6,4.2,1.5,6,4.3,1.53,6.5,4.55,1.65,5.68,4.28,1.53,1.53,2.4,1.57,2.5,1.57,2.63,1.52,2.5,1,2.02,1.83,2.01,1.89,2.08,2.05,1.97,1.88
D2,04/11/2019,19:30,Bochum,Nurnberg,3,1,H,3,0,H,11,12,4,5,11,16,3,7,2,3,0,0,2.62,3.4,2.55,2.75,3.3,2.55,2.65,3.45,2.5,2.8,3.58,2.51,2.7,3.5,2.4,2.75,3.5,2.5,2.8,3.65,2.6,2.67,3.44,2.49,1.65,2.2,1.64,2.34,1.69,2.37,1.64,2.24,0,2,1.85,2.06,1.84,2.06,1.92,1.98,1.86,2.25,3.6,2.9,2.3,3.6,2.9,2.3,3.55,2.9,2.35,3.74,2.92,2.25,3.6,2.88,2.38,3.6,2.88,2.38,3.75,3.05,2.3,3.57,2.87,1.57,2.35,1.58,2.47,1.65,2.47,1.58,2.36,-0.25,2.05,1.8,2.05,1.85,2.12,1.9,2.04,1.82
D1,01/11/2019,19:30,Hoffenheim,Paderborn,3,0,H,3,0,H,12,9,7,2,7,12,4,4,0,1,0,0,1.4,4.75,7,1.45,4.75,6.5,1.45,4.75,6.5,1.45,5.16,6.54,1.42,5,7,1.44,5,6.5,1.5,5.25,7.15,1.44,4.94,6.59,1.3,3.5,1.31,3.65,1.37,3.65,1.31,3.42,-1.25,1.9,2.03,1.91,2.01,1.95,2.05,1.89,1.98,1.4,4.5,7,1.44,5,6.5,1.45,4.75,6.5,1.47,5.06,6.51,1.42,4.8,7,1.45,5,6.5,1.49,5.3,7.4,1.45,4.95,6.48,1.36,3.2,1.34,3.47,1.37,3.47,1.33,3.29,-1.25,1.93,2,1.92,2,1.96,2.01,1.91,1.97
D1,02/11/2019,14:30,Dortmund,Wolfsburg,3,0,H,0,0,D,17,12,8,3,12,18,7,2,1,3,0,0,1.5,4.5,6.5,1.5,4.33,6.5,1.55,4.2,5.9,1.56,4.14,6.67,1.5,4.33,6.5,1.53,4.5,5.75,1.59,4.5,6.95,1.53,4.25,6.31,1.61,2.3,1.65,2.36,1.68,2.36,1.64,2.28,-1,1.94,1.99,1.96,1.96,1.96,2.01,1.91,1.96,1.5,4.5,5.5,1.55,4.1,6.25,1.6,3.9,5.7,1.52,4.38,6.78,1.52,4.2,6.5,1.55,4.2,6.25,1.62,4.66,6.87,1.54,4.23,6.21,1.66,2.2,1.61,2.43,1.7,2.47,1.62,2.3,-1,1.88,2.05,1.89,2.02,2.08,2.08,1.89,1.98
D1,02/11/2019,14:30,Ein Frankfurt,Bayern Munich,5,1,H,2,1,H,17,7,11,3,12,7,3,0,1,2,0,1,6.5,5.25,1.4,7,5,1.42,6,4.5,1.5,7.04,5.42,1.41,7,5.25,1.4,6.5,5.4,1.4,7.5,5.5,1.5,6.7,5.19,1.42,1.3,3.5,1.33,3.53,1.37,3.6,1.31,3.39,1.25,2.05,1.88,2.06,1.85,2.09,1.9,2.03,1.85,6.5,5.5,1.4,6.5,5.5,1.4,6,4.5,1.5,6.66,5.82,1.4,6.5,5.5,1.4,6.5,5.5,1.4,7,5.91,1.5,6.54,5.51,1.4,1.28,3.75,1.28,3.93,1.35,4.02,1.29,3.59,1.5,1.91,2.02,1.93,2,1.95,2.25,1.87,2.01
D1,02/11/2019,14:30,Leverkusen,M'gladbach,1,2,A,1,2,A,23,11,6,6,13,8,13,0,2,1,1,0,1.95,3.9,3.5,2,3.9,3.4,1.97,3.85,3.5,2.04,3.84,3.61,2,3.75,3.5,2,3.9,3.5,2.1,3.95,3.7,2,3.82,3.5,1.5,2.62,1.51,2.71,1.55,2.71,1.5,2.57,-0.5,2.02,1.91,2.04,1.88,2.1,1.92,2.01,1.87,1.8,4,4,1.85,4,3.8,2.1,3.6,3.35,1.93,3.93,3.94,1.85,3.9,3.9,1.87,4,3.8,2.1,4.1,4.1,1.89,3.86,3.85,1.61,2.3,1.63,2.39,1.65,2.45,1.6,2.33,-0.5,1.9,2.03,1.93,2,2.1,2.04,1.91,1.96
D1,02/11/2019,14:30,RB Leipzig,Mainz,8,0,H,5,0,H,19,10,12,2,10,7,3,4,0,1,0,0,1.33,5.25,8,1.36,5.25,8.25,1.37,5,8,1.35,5.39,9.08,1.33,5.25,9,1.36,5.5,7.5,1.38,5.55,9.5,1.35,5.32,8.32,1.4,3,1.41,3.08,1.5,3.08,1.42,2.87,-1.5,2.01,1.92,1.98,1.93,2.02,1.94,1.98,1.89,1.33,5.75,8.5,1.36,5.25,7.75,1.37,5,8,1.33,6,8.57,1.33,5.5,8.5,1.33,5.75,8.5,1.42,6.09,9.6,1.34,5.57,8.15,1.33,3.4,1.33,3.51,1.45,3.62,1.36,3.12,-1.5,1.9,2.03,1.88,2.03,2.09,2.07,1.92,1.96
D1,02/11/2019,17:30,Union Berlin,Hertha,1,0,H,0,0,D,16,8,6,3,14,9,1,4,1,1,0,0,2.87,3.3,2.5,2.8,3.4,2.5,2.8,3.3,2.55,2.86,3.42,2.58,2.8,3.3,2.55,2.8,3.3,2.6,2.88,3.45,2.61,2.81,3.34,2.53,1.9,1.9,1.94,1.96,1.95,1.97,1.9,1.91,0,2.06,1.87,2.06,1.85,2.08,1.88,2.03,1.84,2.45,3.3,2.87,2.8,3.4,2.5,2.85,3.3,2.5,2.64,3.43,2.78,2.6,3.4,2.7,2.5,3.4,2.88,2.85,3.48,2.88,2.62,3.37,2.7,1.9,1.9,1.93,1.98,1.97,2.05,1.87,1.94,0,1.89,2.04,1.91,2.01,1.97,2.09,1.89,1.99
D1,02/11/2019,14:30,Werder Bremen,Freiburg,2,2,D,1,1,D,20,13,10,3,17,9,5,0,3,4,0,1,1.85,3.8,3.8,1.95,3.7,3.7,2.1,3.5,3.4,1.95,3.87,3.89,1.95,3.7,3.8,1.95,3.8,3.7,2.1,3.9,3.98,1.95,3.73,3.74,1.66,2.2,1.67,2.31,1.69,2.33,1.65,2.25,-0.5,1.97,1.96,1.95,1.97,2.1,1.97,1.95,1.92,1.8,4,3.8,1.87,3.8,4,2,3.6,3.6,1.88,3.98,4.09,1.88,3.9,3.8,1.85,4,3.9,2,4.14,4.2,1.88,3.84,3.93,1.57,2.37,1.61,2.44,1.65,2.47,1.6,2.34,-0.5,1.88,2.05,1.88,2.04,2,2.08,1.88,1.99
D1,03/11/2019,17:00,Augsburg,Schalke 04,2,3,A,1,1,D,12,11,4,3,12,10,1,6,3,5,0,0,4,3.6,1.85,3.9,3.7,1.91,3.7,3.7,1.95,3.83,3.92,1.95,3.7,3.8,1.95,3.6,3.75,1.9,4,4,1.99,3.75,3.79,1.93,1.72,2.1,1.76,2.16,1.77,2.24,1.71,2.14,0.5,1.97,1.96,1.96,1.95,1.98,1.97,1.94,1.93,4.5,3.75,1.75,4.2,3.8,1.83,3.7,3.5,2,4.31,4.05,1.81,4.4,3.9,1.78,4.1,4.1,1.8,4.62,4.1,2,4.18,3.91,1.81,1.61,2.3,1.61,2.42,1.67,2.5,1.61,2.34,0.5,2.05,1.75,2.11,1.81,2.16,1.93,2.08,1.81
D1,03/11/2019,14:30,Fortuna Dusseldorf,FC Koln,2,0,H,1,0,H,9,8,3,1,10,20,3,4,1,3,0,0,2.8,3.4,2.5,2.7,3.7,2.45,2.7,3.65,2.45,2.77,3.69,2.51,2.7,3.6,2.5,2.63,3.7,2.4,2.85,3.8,2.6,2.72,3.63,2.46,1.57,2.37,1.62,2.41,1.63,2.5,1.57,2.4,0,2.06,1.87,2.06,1.86,2.07,1.9,2.03,1.85,2.9,3.4,2.4,2.75,3.5,2.5,2.7,3.45,2.55,2.96,3.46,2.48,2.9,3.4,2.45,2.9,3.4,2.45,3,3.55,2.6,2.88,3.42,2.45,1.72,2.1,1.82,2.08,1.84,2.35,1.77,2.07,0.25,1.81,2.13,1.79,2.14,1.84,2.2,1.79,2.11
